Argument ID	Openness to change	Self-enhancement	Conservation	Self-transcendence
A01002	0	0	1	0
A01005	0	0	1	0
A01006	0	1	1	0
A01007	0	0	1	1
A01008	0	0	1	1
A01009	0	0	1	1
A01010	1	0	1	1
A01011	0	1	0	1
A01014	0	0	0	1
A01015	0	0	1	1
A01016	0	0	1	0
A01018	0	1	0	1
A01019	0	0	1	0
A01020	1	0	0	0
A02003	0	1	1	1
A02004	0	0	0	1
A02005	0	0	1	1
A02006	0	0	1	0
A02007	0	0	0	1
A02008	0	0	0	1
A02010	0	0	1	0
A02011	0	0	1	1
A02012	1	0	1	0
A02013	0	0	1	1
A02014	1	0	1	1
A02015	1	0	0	0
A02016	0	0	0	1
A02019	0	0	1	1
A02020	1	0	0	1
A03001	0	0	1	0
A03002	0	0	1	0
A03003	0	0	1	1
A03004	0	0	1	0
A03006	0	0	0	1
A03007	0	0	1	0
A03008	0	0	0	1
A03009	0	0	1	0
A03010	0	0	1	0
A03011	0	0	1	0
A03012	0	0	0	1
A03013	0	1	0	0
A03015	0	0	1	0
A03016	0	0	0	1
A03017	1	0	1	1
A03019	0	0	0	1
A04001	0	0	1	1
A04002	0	0	1	0
A04003	1	0	0	0
A04004	0	0	0	1
A04006	0	0	1	0
A04007	0	0	1	0
A04008	0	0	1	1
A04009	1	0	0	0
A04010	0	0	1	1
A04011	1	0	1	0
A04013	0	0	1	0
A04014	0	0	0	1
A04016	0	1	0	0
A04017	0	0	0	1
A04018	0	0	1	0
A04020	0	0	1	1
A05001	1	0	0	1
A05003	0	0	1	1
A05005	0	0	0	1
A05006	1	0	1	0
A05012	0	0	0	1
A05013	0	0	1	0
A05014	0	0	1	1
A05015	1	1	0	1
A05016	0	0	0	1
A05017	0	0	1	0
A05018	0	1	1	1
A05021	0	0	1	0
A05022	0	1	1	1
A05023	0	0	1	1
A05027	1	1	0	0
A05028	0	0	1	1
A05031	0	0	1	1
A05033	0	0	1	0
A05034	0	0	0	1
A05036	0	1	0	1
A05039	0	1	1	0
A05040	0	0	1	1
A05041	1	1	0	0
A05042	0	0	1	1
A05044	0	1	0	0
A05045	0	0	0	1
A05047	1	0	0	1
A05048	0	0	1	1
A05049	1	0	1	0
A05050	1	0	0	0
A05052	0	0	1	1
A05053	0	1	1	1
A05054	0	0	1	1
A05057	1	0	1	1
A05058	1	1	1	1
A05059	0	0	1	1
A05063	0	1	1	1
A05064	0	0	0	1
A05067	0	0	1	1
A05068	0	1	1	1
A05069	0	0	1	0
A05070	1	0	1	1
A05071	0	0	1	1
A05073	0	0	0	1
A05074	0	0	1	1
A05075	0	0	1	1
A05076	0	1	0	0
A05077	1	0	1	0
A05080	1	1	1	0
A05081	0	0	1	1
A05082	0	1	1	1
A05083	1	1	1	1
A05086	1	0	1	0
A05087	1	1	1	0
A05088	1	0	0	0
A05089	0	0	1	1
A05090	1	0	0	0
A05091	0	1	0	0
A05092	1	0	1	0
A05093	1	0	1	0
A05095	0	1	1	0
A05096	1	0	1	1
A05097	0	0	1	1
A05098	0	1	0	1
A05099	0	0	1	0
A06002	0	0	0	1
A06003	0	0	1	0
A06004	0	0	1	0
A06005	0	1	0	0
A06008	0	0	1	0
A06010	1	0	0	0
A06011	0	1	0	1
A06015	1	0	1	0
A06017	0	1	1	0
A06019	0	0	1	0
A06020	0	1	1	1
A07001	0	1	1	1
A07006	1	0	1	0
A07007	1	0	0	1
A07008	0	1	1	1
A07009	0	1	1	1
A07010	0	0	1	1
A07011	0	1	1	1
A07012	1	0	1	1
A07014	0	0	1	1
A07016	0	0	1	1
A07018	1	0	1	1
A07019	0	1	1	1
A07020	0	0	1	1
A07021	0	0	1	0
A07022	0	0	1	1
A07023	1	1	0	1
A07025	0	0	1	1
A07026	1	1	1	1
A07031	1	1	1	0
A07032	1	1	1	1
A07033	0	0	1	0
A07034	1	0	1	1
A07036	1	1	1	1
A07037	1	0	1	1
A07038	1	0	0	1
A07039	1	1	1	1
A07043	0	0	1	1
A07044	0	0	1	0
A07045	1	0	0	1
A07046	0	0	1	1
A07047	1	0	1	1
A07049	1	1	1	1
A07050	1	0	1	0
A07051	1	0	0	1
A07053	1	1	1	1
A07054	0	1	0	1
A07055	0	1	1	0
A07057	0	0	1	1
A07058	0	1	1	1
A07059	0	0	1	1
A07060	1	0	1	1
A07061	1	0	1	0
A07062	0	0	1	1
A07063	0	0	1	0
A07066	1	1	1	1
A07067	0	1	1	1
A07068	0	1	1	0
A07069	0	1	1	0
A07072	1	0	1	1
A07073	1	1	1	1
A07074	1	1	0	1
A07075	1	1	1	1
A07076	0	1	1	1
A07077	0	1	1	1
A07079	0	1	1	1
A07080	0	0	1	1
A07082	0	0	1	1
A07084	0	0	1	1
A07087	1	0	1	1
A07089	1	1	0	0
A07091	0	0	1	1
A07092	1	0	1	0
A07093	0	0	1	1
A07094	1	1	0	0
A07095	0	1	1	0
A07096	1	0	1	0
A07097	1	1	1	1
A07098	1	1	0	1
A08001	0	0	1	0
A08003	1	0	1	1
A08005	1	0	0	1
A08006	0	0	1	1
A08007	1	0	0	0
A08009	0	0	1	1
A08011	0	0	0	1
A08012	0	0	1	0
A08013	0	0	1	1
A08014	0	0	1	1
A08016	0	0	1	0
A08018	0	0	1	1
A08019	1	0	0	1
A08020	0	0	0	1
A09001	0	1	1	0
A09002	1	0	0	0
A09003	1	1	0	1
A09004	1	0	1	0
A09005	1	0	1	1
A09006	0	1	1	1
A09007	1	1	1	1
A09008	1	1	1	0
A09009	0	0	1	1
A09010	0	0	1	1
A09011	0	0	1	1
A09012	0	0	1	1
A09013	1	0	0	1
A09014	0	0	1	1
A09015	1	0	1	1
A09017	1	0	1	1
A09018	0	0	1	1
A09021	1	1	0	1
A09022	0	0	1	1
A09023	0	0	1	1
A09024	0	1	1	0
A09025	1	1	0	1
A09026	1	1	1	1
A09027	1	1	1	0
A09028	0	0	1	1
A09029	0	0	1	1
A09030	0	1	1	1
A09031	1	1	1	0
A09033	1	1	1	1
A09035	0	1	1	1
A09036	0	1	1	1
A09037	1	0	1	1
A09038	0	0	1	1
A09039	1	0	1	1
A09040	0	0	1	1
A09042	1	1	0	1
A09043	0	1	0	1
A09045	0	1	0	1
A09046	1	1	1	1
A09048	1	1	1	1
A09051	0	0	0	1
A09053	1	0	1	1
A09058	0	0	1	1
A09060	1	1	1	1
A09061	1	0	0	1
A09062	0	1	1	1
A09063	0	0	1	0
A09064	0	1	1	0
A09067	0	1	1	1
A09069	0	0	0	1
A09070	1	1	1	1
A09071	0	1	0	1
A09072	1	0	0	1
A09073	1	1	0	1
A09076	1	1	1	1
A09077	0	1	1	1
A09079	1	1	0	1
A09080	1	1	1	1
A09082	1	0	1	1
A09083	0	0	1	1
A09085	0	0	1	1
A09086	1	0	0	1
A09089	0	0	1	1
A09091	1	0	0	1
A09093	1	1	1	1
A09094	1	0	1	1
A09096	0	0	1	1
A09097	1	1	1	1
A09098	0	0	1	1
A09100	0	0	1	1
A10002	0	0	1	1
A10003	0	1	1	1
A10004	1	0	0	1
A10005	0	0	1	0
A10007	1	0	1	0
A10009	0	0	1	1
A10011	0	0	1	1
A10012	0	0	0	1
A10013	0	1	0	1
A10014	0	0	1	1
A10015	0	0	1	0
A10016	0	0	1	1
A10017	0	1	0	0
A10018	0	1	1	0
A10020	0	0	1	0
A12001	1	1	1	0
A12002	1	0	1	1
A12003	0	1	1	0
A12004	1	1	1	1
A12005	0	0	1	1
A12006	1	0	1	0
A12007	0	0	1	1
A12008	0	0	1	1
A12010	1	1	1	1
A12014	1	0	1	0
A12015	1	0	1	0
A12016	0	1	0	1
A12019	1	1	0	0
A12022	1	0	0	1
A12023	0	0	1	1
A12024	1	0	1	1
A12025	0	0	1	1
A12026	1	1	0	1
A12028	1	1	1	1
A12030	0	1	0	0
A12031	0	0	1	1
A12032	1	0	0	1
A12036	0	1	0	1
A12037	0	0	0	1
A12038	0	0	0	1
A12039	0	1	1	1
A12042	1	0	1	0
A12043	1	1	0	0
A12044	0	0	1	1
A12046	0	1	0	1
A12049	0	1	1	0
A12050	0	0	1	1
A12051	0	0	1	1
A12053	0	1	1	1
A12057	0	0	1	1
A12058	1	1	1	0
A12059	1	0	1	1
A12060	1	1	0	0
A12061	0	0	1	1
A12063	0	1	1	0
A12064	1	1	1	1
A12065	0	0	1	1
A12066	1	1	0	1
A12067	0	0	0	1
A12068	0	1	1	1
A12069	1	1	0	1
A12071	0	0	0	1
A12072	1	1	0	0
A12075	1	1	0	0
A12076	0	0	1	1
A12077	0	1	0	1
A12078	0	1	0	1
A12079	0	1	1	1
A12080	1	0	1	0
A12082	1	1	0	0
A12083	1	0	1	0
A12085	1	0	0	0
A12086	0	0	1	1
A12087	1	0	1	1
A12088	0	0	1	1
A12089	0	0	0	1
A12090	1	1	0	1
A12092	1	1	1	1
A12094	1	1	0	0
A12095	1	1	0	1
A12096	1	0	0	1
A12099	1	1	0	0
A12100	0	0	1	1
A12102	0	0	1	1
A12104	1	1	0	1
A12106	1	1	0	1
A12107	0	1	1	1
A12109	1	1	1	0
A12110	0	0	1	1
A12111	0	1	0	1
A12112	1	0	1	1
A12113	1	0	1	1
A12115	0	0	1	1
A12116	0	0	1	1
A12117	0	1	1	0
A12118	0	0	1	1
A12119	0	0	1	0
A12121	0	0	1	1
A12122	0	1	1	1
A12123	0	0	1	1
A12124	0	1	1	1
A12126	0	0	0	1
A12128	1	1	0	1
A12129	0	0	1	1
A12131	0	1	1	0
A12132	1	1	1	1
A12135	0	0	0	1
A12136	0	0	1	1
A12140	1	0	1	1
A12143	0	0	1	0
A12145	1	0	0	1
A12146	1	0	1	1
A12148	1	1	1	0
A12150	1	0	0	1
A12154	0	0	1	1
A12155	0	0	1	1
A12156	1	0	1	1
A12157	0	0	1	1
A12161	0	0	1	1
A12162	0	0	1	0
A12163	0	1	1	0
A12164	0	0	1	0
A12166	0	1	0	1
A12167	1	1	1	1
A12170	0	0	1	1
A12171	0	0	1	1
A12172	0	0	1	1
A12173	0	1	0	1
A12174	0	0	0	1
A12175	0	1	1	1
A12177	0	0	1	0
A12179	1	1	1	0
A12181	1	1	1	1
A12182	1	0	0	1
A12183	1	1	0	0
A12184	0	1	1	1
A12185	0	0	1	1
A12187	0	0	1	0
A12188	0	0	0	1
A12189	0	0	1	0
A12191	0	1	1	1
A12194	0	1	1	1
A12195	0	0	1	1
A12199	1	0	1	0
A12203	0	0	1	1
A12206	0	0	1	0
A12207	0	0	1	0
A12209	0	0	1	1
A12210	0	1	1	0
A12212	0	0	1	1
A12213	1	1	0	1
A12215	0	0	0	1
A12216	0	1	0	1
A12217	0	0	1	0
A12218	0	0	1	0
A12221	0	1	1	1
A12222	0	0	1	1
A12223	0	0	1	0
A12224	0	1	0	1
A12226	1	0	0	1
A12227	1	1	1	1
A12228	0	1	1	0
A12229	0	1	1	0
A12230	0	0	1	1
A12231	0	0	1	1
A12232	1	1	0	1
A12233	1	1	1	1
A12234	0	0	1	1
A12235	0	0	1	1
A12236	1	0	0	0
A12238	0	1	0	0
A12239	0	1	1	1
A12240	0	1	1	1
A12241	1	1	0	1
A12242	0	0	1	1
A12244	1	0	1	1
A12245	1	0	1	1
A12249	0	1	1	1
A12251	0	1	1	0
A12252	0	0	1	0
A12253	0	0	1	1
A12256	1	0	0	1
A12257	0	0	1	1
A12258	0	1	1	1
A12259	0	1	0	1
A12260	0	1	1	1
A12262	1	0	0	1
A12265	0	0	1	0
A12266	0	0	1	1
A12268	0	1	1	1
A12269	0	0	0	1
A12273	1	1	0	1
A12275	0	0	0	1
A12276	0	0	1	0
A12277	1	1	0	1
A12278	0	0	0	1
A12279	0	0	1	0
A12283	0	1	1	0
A12285	0	0	1	1
A12286	0	1	0	1
A12287	0	1	0	1
A12288	1	1	0	0
A12289	0	0	1	1
A12291	0	0	1	1
A12292	1	1	1	0
A12293	0	1	0	1
A12295	1	0	1	0
A12297	0	0	1	1
A12298	0	0	1	1
A12300	0	1	1	1
A12301	0	0	1	1
A12302	0	0	0	1
A12303	0	1	1	1
A12304	1	1	1	1
A12305	1	1	0	1
A12307	0	0	1	1
A12308	0	0	1	0
A12310	1	0	1	0
A12312	0	0	1	1
A12314	1	1	1	1
A12315	0	0	1	1
A12316	0	1	1	1
A12317	0	1	1	1
A12318	0	1	1	1
A12319	0	1	1	1
A12320	0	1	0	1
A12322	1	0	1	0
A12326	1	0	0	1
A12327	1	0	1	1
A12328	1	0	1	0
A12329	0	0	1	1
A12330	1	0	1	0
A12331	1	0	0	1
A12332	1	1	0	1
A12333	0	0	1	1
A12334	0	1	1	0
A12336	1	0	1	0
A12337	0	0	1	1
A12339	0	0	1	1
A12342	0	1	1	0
A12343	0	0	1	0
A12345	0	0	0	1
A12346	0	0	1	1
A12348	1	0	0	1
A12349	1	0	1	1
A12350	1	0	1	1
A12351	1	1	1	0
A12352	0	1	1	1
A12353	0	0	1	1
A12355	1	1	0	1
A12356	0	1	1	0
A12357	0	1	1	0
A12358	0	1	0	1
A12360	0	1	1	1
A12361	1	1	0	1
A12362	0	0	1	1
A12364	1	0	1	0
A12365	0	1	1	1
A12368	0	1	1	1
A12369	0	1	0	1
A12372	0	0	1	0
A12374	0	0	1	0
A12375	0	0	1	0
A12376	0	0	1	1
A12377	0	0	1	1
A12379	0	0	0	1
A12381	1	1	1	0
A12383	0	0	1	1
A12385	1	1	1	1
A12386	0	1	1	1
A12387	1	0	1	1
A12389	1	1	1	1
A12390	0	0	1	0
A12392	0	1	1	1
A12393	0	1	1	1
A12396	1	0	1	1
A12397	0	0	0	1
A12398	0	1	1	1
A12400	0	0	1	1
A12401	1	0	1	1
A12403	1	0	1	1
A12404	1	1	1	0
A12405	1	0	1	1
A12407	0	1	0	1
A12408	1	0	0	1
A12412	0	1	1	1
A12413	0	0	1	1
A12416	0	0	1	1
A12417	0	1	0	0
A12418	0	0	1	0
A12419	0	0	1	0
A12420	1	0	1	1
A12423	1	0	1	1
A12425	1	0	1	0
A12426	0	0	1	1
A12427	0	0	1	1
A12428	0	0	1	1
A12430	1	0	1	1
A12433	1	0	1	1
A12435	0	0	0	1
A12437	1	1	1	1
A12438	0	1	1	1
A12439	0	0	1	1
A12440	1	1	1	1
A12441	0	1	1	0
A12442	1	1	0	1
A12444	0	0	1	1
A12446	0	0	1	0
A12450	0	0	0	1
A12453	1	1	1	1
A12454	1	1	0	0
A12455	0	1	0	1
A12458	0	0	1	1
A12459	0	0	1	1
A12461	0	1	0	0
A12462	0	0	0	1
A12464	0	0	0	1
A12467	0	0	1	0
A12468	0	1	1	1
A12469	1	1	1	0
A12470	0	1	1	0
A12474	1	1	1	1
A12475	0	1	1	1
A12476	0	0	1	1
A12478	1	0	1	0
A12479	1	1	0	0
A12481	0	0	1	1
A12482	0	1	1	1
A12485	0	0	1	1
A12486	1	0	1	1
A12488	1	1	0	1
A12489	0	0	1	0
A12490	0	0	1	0
A12492	0	0	1	1
A12493	0	0	1	1
A12495	1	0	1	1
A12498	1	1	0	1
A12499	1	0	0	0
A12500	1	1	1	1
A13001	0	0	1	1
A13002	0	0	1	0
A13004	1	0	1	0
A13006	1	1	0	0
A13007	0	1	0	1
A13009	0	0	0	1
A13010	1	0	1	1
A13012	0	1	0	0
A13013	0	0	1	1
A13015	0	0	1	1
A13016	1	0	1	1
A13017	0	0	1	1
A13018	0	0	1	0
A13019	0	0	0	1
A13020	1	1	0	0
A14001	0	0	0	1
A14002	1	0	0	1
A14006	1	1	0	1
A14007	0	1	1	1
A14009	1	1	1	0
A14011	0	1	0	0
A14012	1	0	0	1
A14013	0	0	0	1
A14014	1	0	0	1
A14016	0	1	0	1
A14017	0	1	0	0
A14019	0	0	0	1
A14020	0	1	0	1
A15002	0	1	0	0
A15004	1	0	1	1
A15005	0	0	1	0
A15009	1	0	0	1
A15010	1	1	0	0
A15012	1	0	0	1
A15013	1	0	0	1
A15014	0	1	1	0
A15015	0	0	0	1
A15017	0	1	1	0
A15018	0	0	0	1
A15019	0	1	0	0
A15020	0	1	0	0
A17002	0	1	1	1
A17003	1	1	1	1
A17004	1	0	0	1
A17005	1	1	1	1
A17006	1	0	0	1
A17007	0	0	1	0
A17008	1	1	1	1
A17009	1	0	0	0
A17011	0	1	1	0
A17012	0	1	1	1
A17013	1	0	1	0
A17015	0	0	1	1
A17016	1	0	1	0
A17017	1	0	0	1
A17018	0	0	0	1
A17019	1	0	1	0
A17020	0	0	0	1
A18003	1	0	1	1
A18005	1	0	0	1
A18006	0	1	1	0
A18007	1	1	0	0
A18008	0	0	1	1
A18010	0	0	0	1
A18011	1	1	1	0
A18014	0	1	1	1
A18015	1	0	1	1
A18016	0	0	1	1
A18017	0	1	1	1
A18018	1	1	1	1
A18019	0	1	0	1
A18020	0	0	1	1
A18021	0	1	1	1
A18022	1	1	0	0
A18023	1	0	1	0
A18026	1	1	0	0
A18030	0	0	1	1
A18032	0	1	1	1
A18033	0	0	0	1
A18035	1	1	1	0
A18036	0	1	1	1
A18037	0	0	1	1
A18038	0	0	1	1
A18039	0	1	1	1
A18040	1	0	1	1
A18042	1	0	1	0
A18043	1	0	0	0
A18045	0	1	1	0
A18046	0	1	1	1
A18047	0	0	0	1
A18048	1	0	1	0
A18050	0	0	1	0
A18053	0	1	1	0
A18056	1	0	1	1
A18057	0	0	0	1
A18058	0	0	1	1
A18059	0	0	1	1
A18060	1	1	1	0
A18061	1	0	1	0
A18062	1	1	1	1
A18063	1	0	1	1
A18064	0	0	1	1
A18065	0	0	1	1
A18066	0	0	1	1
A18067	1	1	1	0
A18068	1	1	0	1
A18069	0	0	1	1
A18070	1	1	1	0
A18072	1	0	0	1
A18073	0	0	0	1
A18074	0	0	1	0
A18075	1	0	1	0
A18076	1	0	0	1
A18077	0	0	1	1
A18078	0	0	1	1
A18079	0	0	1	1
A18080	0	0	1	0
A18081	0	1	1	1
A18082	0	0	1	0
A18083	0	1	1	1
A18084	1	0	1	1
A18085	0	1	1	1
A18089	0	1	1	1
A18090	0	1	0	1
A18093	1	0	1	1
A18094	1	1	1	1
A18096	0	1	1	1
A18098	0	0	1	1
A18099	1	1	1	0
A18100	0	0	1	1
A18101	1	1	1	1
A18105	0	1	1	1
A18107	1	0	1	1
A18108	0	1	1	1
A18109	1	0	1	0
A18110	0	1	0	1
A18114	0	1	1	1
A18118	0	0	0	1
A18120	0	0	1	0
A18121	0	1	1	1
A18123	0	1	1	0
A18124	1	1	1	1
A18125	1	0	0	1
A18129	0	0	1	1
A18131	0	1	1	1
A18133	1	0	1	1
A18134	0	0	1	1
A18135	0	1	1	1
A18136	1	0	0	0
A18138	0	1	1	1
A18139	0	1	1	1
A18141	1	1	1	0
A18144	1	1	1	1
A18145	0	1	1	1
A18146	0	1	1	0
A18147	1	1	1	1
A18148	1	0	1	0
A18149	0	0	1	1
A18150	0	1	1	1
A18152	0	1	0	1
A18153	0	0	0	1
A18154	1	1	0	1
A18155	1	1	1	1
A18160	1	1	1	1
A18161	1	0	0	1
A18162	1	1	0	1
A18164	0	1	1	1
A18165	1	1	0	1
A18166	0	1	1	1
A18169	1	0	1	1
A18171	0	0	1	1
A18172	1	0	1	1
A18175	1	1	1	1
A18178	0	1	1	0
A18179	0	1	0	1
A18180	0	0	0	1
A18181	0	0	1	1
A18182	1	1	0	1
A18183	0	0	1	1
A18184	1	0	1	1
A18185	0	0	1	1
A18186	0	0	0	1
A18188	0	1	1	1
A18189	0	0	0	1
A18192	0	1	1	1
A18195	0	0	0	1
A18197	1	1	1	1
A18200	0	0	1	1
A18201	0	1	0	1
A18203	1	0	1	1
A18204	0	0	0	1
A18207	1	1	1	0
A18209	0	1	1	0
A18211	0	1	1	1
A18213	0	0	1	1
A18214	0	1	1	1
A18215	0	0	1	1
A18216	1	0	0	0
A18218	0	0	1	1
A18221	0	0	1	1
A18223	1	1	0	1
A18225	0	0	0	1
A18226	0	1	1	1
A18227	0	1	1	1
A18228	0	0	1	0
A18229	1	1	1	0
A18231	0	0	1	1
A18232	0	0	1	1
A18233	0	1	0	1
A18234	0	0	1	1
A18236	0	0	1	1
A18237	1	0	0	1
A18238	0	1	0	1
A18239	0	1	1	0
A18240	1	0	1	0
A18241	1	1	1	1
A18242	0	0	1	1
A18243	0	0	1	1
A18245	1	1	1	1
A18246	0	1	0	1
A18248	0	1	1	1
A18249	0	1	1	1
A18253	0	0	1	1
A18256	1	0	1	1
A18258	0	1	1	0
A18259	1	1	1	1
A18260	0	1	1	1
A18261	0	1	1	1
A18262	1	0	1	1
A18264	0	0	1	1
A18265	0	0	1	1
A18266	1	0	1	0
A18267	1	1	1	0
A18268	0	0	1	1
A18270	1	0	0	1
A18275	0	1	1	1
A18276	0	0	0	1
A18278	0	0	1	0
A18279	0	0	1	0
A18281	1	1	1	1
A18283	1	1	1	1
A18284	1	1	1	1
A18285	0	1	0	1
A18286	1	0	1	0
A18287	1	0	1	1
A18290	0	0	1	1
A18291	0	1	1	1
A18292	0	1	1	1
A18293	0	0	1	1
A18296	1	1	1	1
A18297	0	1	1	0
A18298	1	0	1	0
A18299	1	0	1	1
A18301	0	1	0	1
A18305	0	0	1	1
A18308	0	1	0	1
A18311	0	0	1	1
A18313	1	0	0	1
A18314	0	1	0	1
A18316	0	0	1	1
A18318	1	1	1	1
A18321	0	0	1	1
A18322	1	0	1	1
A18323	0	0	1	1
A18324	1	1	0	1
A18325	1	0	0	0
A18326	1	1	0	1
A18327	0	0	1	1
A18328	1	0	1	0
A18331	0	1	1	1
A18332	0	0	1	1
A18334	0	1	1	1
A18335	0	0	1	1
A18338	1	0	1	1
A18339	0	0	1	1
A18340	1	0	1	0
A18341	0	0	1	1
A18342	1	0	0	1
A18344	1	0	1	0
A18345	0	1	1	1
A18346	1	1	1	1
A18350	0	1	1	1
A18351	1	1	1	1
A18353	0	1	1	1
A18355	1	1	1	1
A18356	0	1	1	0
A18358	1	1	0	1
A18359	0	0	1	1
A18360	1	0	0	1
A18361	1	1	1	1
A18363	0	1	1	1
A18365	1	0	1	1
A18367	0	1	1	1
A18368	0	0	1	1
A18369	0	1	1	1
A18370	0	0	1	1
A18373	0	0	1	1
A18374	0	0	1	1
A18375	1	1	0	1
A18376	1	0	1	0
A18378	1	0	1	0
A18381	1	0	0	1
A18383	0	0	1	1
A18384	1	1	1	1
A18385	1	1	1	1
A18386	0	0	1	1
A18387	0	0	1	1
A18388	0	1	1	0
A18389	1	1	1	1
A18391	1	1	1	1
A18392	1	1	1	1
A18393	0	1	0	1
A18394	1	1	0	1
A18395	0	1	1	1
A18397	1	0	0	1
A18399	1	0	1	1
A18400	1	1	1	0
A18401	0	0	1	0
A18402	0	0	1	1
A18403	0	1	0	1
A18404	1	0	1	1
A18405	0	0	1	1
A18407	1	0	1	0
A18408	1	1	1	0
A18409	0	1	1	1
A18410	0	1	1	0
A18411	1	0	1	0
A18412	0	0	1	1
A18415	1	1	1	1
A18416	1	1	1	1
A18417	1	0	1	1
A18418	0	1	1	1
A18420	1	1	0	1
A18421	0	1	0	1
A18422	1	1	0	0
A18423	0	1	1	1
A18424	0	0	1	1
A18425	1	0	0	0
A18426	1	1	1	1
A18428	0	1	1	1
A18431	0	1	1	1
A18433	1	0	0	1
A18434	0	1	1	1
A18435	0	1	1	1
A18437	1	0	0	0
A18438	1	0	1	1
A18439	1	1	1	1
A18440	0	0	1	1
A18441	0	1	1	0
A18444	0	0	1	1
A18445	0	1	0	1
A18446	0	1	1	1
A18447	1	1	1	1
A18448	0	0	1	1
A18449	0	0	1	1
A18451	0	1	0	1
A18452	0	1	0	1
A18454	0	1	1	1
A18456	0	0	1	0
A18459	1	1	1	0
A18460	0	1	1	1
A18462	1	0	1	0
A18464	1	0	1	1
A18466	1	1	0	1
A18467	0	1	1	1
A18470	1	1	1	0
A18473	0	0	1	0
A18474	1	1	0	1
A18476	0	0	1	1
A18477	0	0	1	1
A18478	1	0	0	1
A18479	0	1	1	1
A18480	0	0	1	1
A18481	1	1	1	0
A18485	0	1	1	1
A18486	0	0	1	1
A18487	1	1	1	1
A18489	1	0	1	0
A18490	1	0	1	1
A18492	0	1	1	0
A18493	0	0	1	1
A18495	0	1	1	1
A18496	0	1	1	1
A18497	0	1	1	1
A18498	1	0	0	1
A18500	0	0	1	1
A19003	0	1	1	1
A19004	0	1	1	1
A19005	1	0	1	1
A19006	0	0	1	1
A19008	0	0	1	1
A19009	0	0	1	1
A19012	0	0	1	1
A19013	0	1	0	1
A19018	1	0	1	0
A19019	0	0	1	1
A19021	1	0	0	1
A19022	0	0	1	1
A19023	0	1	1	1
A19024	0	0	1	1
A19025	1	1	0	1
A19026	0	0	1	1
A19027	0	0	1	1
A19031	1	0	1	0
A19033	0	1	1	1
A19035	1	0	1	1
A19037	1	1	1	1
A19038	0	1	1	0
A19041	0	0	0	1
A19042	1	1	1	0
A19044	1	0	1	0
A19047	0	0	1	0
A19049	0	0	1	0
A19050	1	1	1	0
A19052	0	1	1	1
A19054	1	1	0	0
A19056	0	1	0	1
A19057	0	0	1	1
A19058	0	0	1	1
A19059	1	0	0	1
A19060	1	1	1	1
A19061	0	0	1	1
A19062	0	0	1	1
A19064	0	0	1	1
A19066	0	0	0	1
A19067	1	0	1	1
A19069	0	1	1	1
A19070	1	1	1	1
A19072	1	1	0	1
A19075	0	1	1	1
A19076	1	1	1	0
A19077	0	0	1	1
A19079	0	1	1	1
A19082	0	0	1	1
A19083	0	0	1	1
A19084	1	1	1	1
A19085	1	0	0	1
A19086	1	0	1	0
A19089	0	0	1	1
A19091	1	1	1	1
A19094	1	1	1	1
A19095	1	0	1	1
A19096	0	0	1	1
A19097	0	1	0	1
A19099	0	1	0	1
A19101	0	1	0	0
A19102	1	0	1	1
A19103	1	1	1	0
A19105	0	1	0	1
A19106	1	1	1	1
A19108	0	0	0	1
A19110	0	1	1	1
A19112	1	1	1	1
A19113	0	1	1	1
A19114	1	0	1	1
A19115	0	0	1	1
A19116	1	1	1	1
A19117	1	1	1	1
A19118	0	0	1	1
A19119	1	1	1	0
A19121	0	1	1	1
A19122	0	0	1	1
A19123	0	1	0	1
A19124	1	1	0	1
A19125	0	1	1	1
A19126	1	1	0	1
A19127	0	0	1	1
A19128	1	0	1	1
A19129	0	1	1	1
A19131	1	0	0	0
A19132	0	1	0	1
A19133	0	0	1	1
A19135	0	0	0	1
A19136	0	0	1	1
A19137	1	1	1	0
A19139	1	1	1	0
A19141	0	0	1	1
A19143	1	1	0	1
A19144	0	0	1	1
A19145	1	1	1	1
A19147	1	0	1	1
A19149	1	1	1	0
A19150	1	1	1	1
A19152	0	1	1	1
A19155	1	1	1	1
A19156	0	0	1	1
A19157	0	0	1	1
A19159	0	1	1	1
A19161	0	0	1	1
A19162	1	0	1	1
A19164	0	1	1	1
A19165	1	1	0	0
A19168	0	1	1	1
A19169	0	0	1	1
A19170	0	0	1	1
A19171	0	1	1	1
A19172	0	0	1	1
A19173	0	0	1	0
A19176	0	0	1	1
A19177	0	1	1	1
A19178	1	1	1	0
A19180	1	0	1	0
A19181	1	1	0	1
A19182	1	0	1	0
A19184	0	1	1	1
A19185	0	1	1	1
A19188	0	1	1	1
A19189	1	0	1	0
A19190	0	0	0	1
A19192	0	1	1	1
A19193	0	0	1	1
A19194	0	0	0	1
A19195	1	0	1	1
A19196	1	1	1	1
A19198	1	0	1	1
A19199	1	1	1	1
A19200	1	1	1	1
A19201	0	0	1	1
A19203	0	0	1	1
A19204	0	0	1	1
A19205	0	0	1	1
A19208	1	1	1	1
A19210	1	0	1	1
A19211	0	0	1	1
A19212	0	0	1	1
A19213	0	0	1	1
A19217	1	1	1	1
A19218	0	0	1	1
A19222	1	0	0	1
A19223	0	1	1	1
A19225	1	0	1	0
A19229	0	0	1	1
A19231	1	0	0	1
A19232	1	0	1	1
A19233	1	1	1	1
A19235	0	1	1	1
A19237	0	1	1	1
A19238	0	0	1	1
A19239	1	0	1	1
A19240	0	1	0	1
A19241	0	1	1	1
A19242	0	0	0	1
A19245	0	0	0	1
A19246	0	1	1	1
A19247	0	0	1	1
A19248	0	1	0	0
A19249	0	0	1	1
A19250	0	0	1	1
A19254	1	0	1	1
A19257	0	0	1	1
A19259	0	0	1	0
A19260	0	0	1	1
A19262	1	1	0	1
A19264	1	1	1	1
A19265	0	1	1	1
A19267	1	1	0	1
A19271	0	1	0	0
A19273	0	1	1	1
A19274	1	1	0	1
A19276	0	0	0	1
A19277	0	0	1	1
A19278	0	0	1	0
A19279	1	1	0	1
A19283	0	0	1	1
A19284	0	1	1	1
A19285	0	1	1	1
A19286	1	1	1	1
A19288	0	1	1	1
A19291	0	1	0	1
A19294	0	0	1	1
A19296	1	1	1	0
A19297	1	0	0	0
A19299	0	0	1	1
A19300	1	1	0	0
A19302	0	0	1	1
A19303	1	0	1	1
A19304	1	1	1	1
A19305	1	0	1	1
A19306	1	0	1	1
A19307	0	1	1	1
A19310	0	1	1	1
A19311	1	1	0	1
A19312	1	0	0	1
A19313	1	1	1	1
A19314	1	1	0	1
A19316	0	1	1	1
A19318	0	0	1	1
A19320	0	1	1	0
A19322	0	1	1	1
A19325	0	0	1	1
A19326	0	1	1	1
A19327	0	1	1	1
A19328	1	0	0	0
A19329	1	1	1	1
A19331	1	0	1	0
A19332	0	1	1	1
A19333	1	1	1	1
A19336	1	0	1	0
A19337	1	0	0	1
A19341	1	0	1	1
A19342	1	1	1	1
A19344	0	0	1	1
A19345	0	0	1	1
A19347	1	1	0	1
A19349	1	0	1	1
A19350	0	1	0	1
A19351	1	1	0	1
A19352	0	1	0	1
A19353	0	1	1	1
A19354	0	0	0	1
A19356	1	0	1	0
A19358	1	1	1	1
A19359	0	0	1	1
A19361	1	1	0	1
A19362	0	1	1	1
A19363	1	0	0	1
A19365	1	1	1	1
A19366	1	1	0	1
A19367	0	1	1	1
A19369	1	0	1	0
A19372	0	1	1	1
A19373	0	1	1	1
A19374	0	0	1	1
A19375	0	1	1	1
A19376	0	0	1	0
A19377	0	1	0	1
A19379	0	1	1	1
A19380	0	0	1	0
A19381	0	1	1	1
A19382	0	0	1	1
A19383	1	1	1	1
A19386	0	0	1	1
A19387	1	1	0	1
A19388	1	0	0	1
A19389	1	1	0	1
A19390	1	1	0	0
A19391	0	1	1	1
A19392	0	1	1	1
A19393	1	1	1	0
A19396	0	1	1	1
A19400	0	0	1	1
A19403	0	1	1	1
A19405	0	1	1	1
A19406	1	0	0	0
A19407	1	1	1	0
A19409	1	1	0	0
A19410	1	0	1	1
A19411	1	1	1	0
A19413	0	1	1	1
A19414	1	1	1	1
A19415	0	1	1	1
A19416	1	0	1	1
A19420	0	0	1	1
A19421	1	1	1	1
A19425	0	1	1	0
A19428	0	1	0	1
A19429	0	1	1	1
A19430	0	0	1	1
A19431	1	1	1	1
A19435	1	1	0	1
A19436	0	0	1	1
A19437	1	1	0	1
A19439	0	1	1	1
A19440	0	1	1	1
A19441	1	0	1	0
A19442	1	1	1	1
A19443	1	1	1	1
A19444	1	1	0	0
A19445	0	1	1	1
A19446	1	1	1	0
A19447	1	0	1	1
A19448	0	0	1	1
A19450	1	0	1	1
A19451	0	0	1	1
A19452	0	0	1	1
A19453	0	0	1	1
A19455	1	1	0	1
A19456	1	1	1	1
A19457	1	1	1	0
A19458	1	1	1	1
A19459	0	0	1	1
A19460	1	1	1	1
A19461	0	1	0	1
A19462	1	1	1	0
A19463	0	0	1	1
A19464	0	1	1	1
A19465	1	1	1	1
A19467	1	1	1	1
A19470	0	0	0	1
A19472	0	0	0	1
A19474	0	0	1	1
A19476	0	0	1	1
A19477	0	1	1	1
A19479	1	0	1	0
A19480	0	1	1	1
A19481	1	1	1	0
A19483	1	0	0	0
A19484	0	1	1	1
A19486	1	1	0	1
A19488	0	0	1	1
A19489	1	1	1	1
A19491	1	1	1	1
A19492	0	1	0	1
A19494	0	1	1	1
A19495	0	1	1	1
A19496	0	1	1	1
A19497	1	1	0	1
A19498	1	0	1	1
A19499	1	1	1	0
A20001	0	1	0	0
A20002	0	0	1	1
A20004	1	0	1	0
A20005	0	0	1	1
A20006	0	0	0	1
A20007	1	1	1	0
A20008	1	0	1	1
A20009	0	0	1	1
A20011	1	1	1	1
A20012	1	0	0	1
A20014	0	1	1	1
A20015	0	1	1	1
A20016	1	1	0	1
A20018	0	0	1	1
A20019	0	0	0	1
A20020	1	0	1	1
A20021	1	1	0	1
A20022	0	0	1	1
A20023	0	0	1	1
A20024	0	0	1	1
A20028	1	0	1	1
A20029	1	1	0	0
A20030	1	0	0	1
A20033	0	1	1	1
A20034	1	1	0	0
A20037	1	1	0	1
A20038	0	1	1	1
A20040	0	1	1	1
A20043	1	1	0	0
A20044	0	1	1	1
A20045	0	0	0	1
A20046	0	0	1	0
A20047	0	1	1	0
A20048	1	1	0	0
A20049	0	1	0	1
A20050	0	1	1	1
A20053	0	1	1	1
A20055	0	0	1	1
A20056	0	0	1	1
A20057	0	1	0	1
A20058	0	0	1	1
A20059	0	1	0	1
A20060	0	0	1	1
A20061	0	0	1	1
A20062	0	0	0	1
A20063	0	0	1	1
A20064	1	1	1	0
A20067	0	1	1	0
A20068	0	0	1	1
A20069	0	0	1	0
A20070	1	0	0	1
A20072	1	1	1	0
A20073	0	0	1	1
A20074	1	0	0	1
A20075	0	0	1	1
A20081	0	0	1	1
A20082	0	1	0	1
A20083	1	0	1	1
A20084	1	0	0	1
A20085	1	0	1	1
A20086	1	0	1	1
A20088	0	1	1	1
A20090	1	0	1	1
A20091	0	0	0	1
A20095	0	1	0	1
A20096	1	1	0	0
A20097	0	0	1	1
A20099	0	0	1	1
A20101	0	0	1	1
A20104	0	0	1	1
A20105	1	1	1	0
A20106	0	1	1	0
A20107	1	0	1	0
A20108	1	1	1	0
A20109	0	0	1	1
A20110	1	1	1	1
A20112	0	1	1	1
A20113	0	0	1	1
A20114	0	0	1	0
A20116	0	1	1	1
A20120	1	0	1	0
A20121	1	1	1	0
A20122	0	1	1	1
A20123	0	0	0	1
A20125	1	0	1	1
A20126	1	1	0	0
A20127	0	1	1	0
A20128	0	1	1	0
A20131	0	0	1	1
A20132	1	0	1	1
A20134	1	0	1	1
A20135	1	0	1	1
A20136	0	0	1	1
A20137	0	0	1	0
A20139	1	0	1	0
A20140	0	0	1	1
A20141	1	1	1	0
A20142	1	1	1	0
A20144	0	0	1	1
A20147	0	1	0	1
A20148	0	0	1	1
A20150	1	1	1	1
A20151	0	0	1	1
A20153	1	1	1	1
A20154	0	1	1	1
A20156	0	0	1	0
A20160	1	0	0	1
A20162	0	0	0	1
A20164	0	0	1	0
A20165	1	0	0	1
A20168	0	1	1	1
A20170	0	0	1	1
A20171	1	1	1	1
A20173	1	1	1	1
A20176	0	0	1	1
A20179	0	0	0	1
A20180	0	1	1	0
A20182	0	0	1	1
A20184	0	0	1	1
A20185	1	0	1	0
A20186	0	1	1	0
A20187	0	1	0	1
A20189	0	0	1	1
A20190	0	1	1	1
A20192	0	0	1	1
A20194	0	0	1	1
A20198	0	0	0	1
A20200	1	1	1	0
A20201	0	0	1	1
A20202	0	0	1	1
A20204	0	1	1	0
A20205	1	0	1	1
A20206	1	0	0	1
A20211	1	1	0	0
A20212	0	0	1	1
A20213	1	1	0	0
A20216	1	0	0	1
A20220	0	0	1	1
A20221	0	1	0	1
A20222	0	1	1	1
A20223	0	1	0	0
A20225	1	1	0	1
A20226	1	1	1	1
A20227	0	0	1	1
A20228	1	0	1	1
A20231	1	1	1	0
A20232	0	0	1	1
A20233	1	1	0	1
A20234	1	0	1	1
A20235	1	1	1	1
A20236	0	0	0	1
A20239	1	0	1	1
A20240	0	0	1	1
A20241	0	0	1	1
A20243	1	0	1	0
A20246	1	0	0	1
A20247	0	0	1	1
A20248	0	1	1	1
A20250	1	0	1	0
A20252	0	0	1	0
A20253	1	0	1	1
A20255	0	0	1	1
A20256	1	0	1	1
A20260	1	1	1	0
A20261	0	1	1	1
A20263	0	0	1	1
A20264	0	1	1	1
A20265	0	1	0	1
A20266	0	0	1	1
A20267	0	0	1	1
A20271	0	0	1	1
A20273	0	1	1	1
A20274	1	1	1	1
A20277	0	0	0	1
A20283	0	1	1	1
A20284	0	0	1	1
A20285	0	0	0	1
A20288	1	0	1	1
A20289	0	0	1	1
A20290	0	0	1	0
A20291	1	0	1	1
A20292	1	1	1	1
A20293	1	0	1	1
A20294	1	1	1	0
A20295	1	0	1	1
A20296	0	1	1	1
A20297	1	0	0	1
A20298	0	0	1	1
A20300	0	0	1	0
A20301	1	1	1	1
A20303	1	0	1	0
A20304	0	0	1	1
A20305	0	0	1	1
A20306	1	1	0	1
A20307	0	1	1	1
A20308	0	0	0	1
A20310	0	0	1	0
A20311	1	1	0	0
A20312	0	1	0	1
A20313	0	0	1	0
A20315	0	1	1	1
A20316	1	0	1	1
A20317	1	0	1	1
A20318	0	0	1	1
A20319	0	1	1	1
A20320	0	0	1	1
A20322	0	1	0	1
A20323	1	0	1	0
A20324	1	1	1	1
A20325	0	1	1	1
A20328	0	1	1	1
A20330	1	1	0	1
A20331	0	0	1	1
A20332	0	1	0	1
A20333	1	0	0	1
A20335	0	0	1	1
A20336	0	0	1	0
A20337	0	1	1	1
A20338	0	0	1	0
A20339	0	0	1	1
A20340	0	0	1	0
A20342	0	0	1	0
A20344	1	1	0	0
A20345	0	0	1	1
A20347	1	0	1	1
A20348	0	0	1	1
A20349	0	0	1	1
A20350	0	0	1	1
A20351	0	1	1	0
A20353	1	0	0	0
A20354	0	0	1	1
A20355	0	1	1	1
A20356	1	0	1	0
A20357	0	1	1	1
A20358	1	1	1	1
A20360	1	0	1	0
A20361	0	0	1	0
A20362	0	1	1	1
A20363	1	0	0	1
A20365	0	1	1	1
A20366	1	0	1	1
A20367	0	1	1	0
A20368	1	1	0	1
A20369	0	1	1	1
A20372	0	0	1	0
A20373	1	1	0	1
A20374	0	1	1	1
A20375	0	0	1	1
A20378	1	1	1	0
A20379	0	1	1	1
A20380	0	0	1	1
A20382	0	0	1	1
A20383	0	1	1	0
A20386	0	1	1	1
A20388	0	0	1	0
A20391	0	1	1	0
A20394	0	1	1	1
A20396	0	0	1	0
A20397	1	1	1	1
A20398	1	1	1	1
A20400	1	0	0	1
A20401	0	0	1	1
A20402	0	0	1	1
A20403	0	0	0	1
A20404	0	0	1	1
A20405	0	0	1	1
A20406	1	0	1	1
A20407	1	1	0	0
A20408	0	0	1	1
A20409	0	0	0	1
A20410	0	0	1	1
A20411	0	0	1	1
A20412	1	0	1	1
A20415	1	0	0	0
A20416	0	0	1	0
A20417	0	1	1	1
A20418	1	0	1	0
A20420	0	0	0	1
A20422	0	1	0	1
A20423	1	1	0	1
A20428	1	1	1	0
A20429	0	1	0	1
A20430	0	0	1	1
A20431	0	1	0	0
A20432	1	0	1	1
A20434	1	0	1	1
A20435	0	0	1	1
A20436	0	0	1	1
A20438	1	0	1	0
A20441	0	0	1	1
A20442	0	1	1	1
A20443	0	0	1	1
A20444	0	0	1	0
A20445	0	0	1	1
A20446	0	0	0	1
A20447	0	0	1	0
A20448	1	1	1	1
A20449	0	0	1	1
A20450	0	1	0	1
A20451	0	1	1	1
A20452	0	1	1	1
A20453	1	1	1	1
A20454	0	0	1	1
A20457	1	0	0	0
A20458	0	0	1	1
A20459	0	0	1	1
A20462	1	0	1	1
A20466	0	0	1	1
A20467	1	0	1	0
A20468	0	1	0	1
A20469	1	0	1	0
A20471	1	1	1	1
A20472	0	1	1	1
A20473	1	0	1	1
A20475	0	1	1	1
A20476	0	0	1	1
A20477	0	1	0	0
A20481	0	1	1	1
A20483	0	0	1	1
A20484	0	1	1	1
A20485	0	0	1	1
A20486	1	1	0	1
A20489	0	1	1	1
A20491	0	0	1	1
A20492	0	0	1	1
A20494	0	0	1	1
A20495	0	1	0	0
A20497	1	0	1	1
A20499	0	0	1	0
A20500	0	1	1	1
A21001	0	0	1	1
A21003	0	0	0	1
A21005	0	0	1	0
A21006	0	1	0	1
A21007	0	0	1	1
A21009	0	1	1	0
A21010	0	0	1	0
A21013	1	0	0	0
A21014	1	0	1	1
A21015	0	1	0	0
A21017	0	0	1	0
A21020	1	0	1	1
A21022	1	1	1	1
A21023	1	1	1	1
A21025	0	0	1	1
A21026	1	0	1	1
A21027	1	0	1	1
A21028	0	0	1	0
A21031	0	1	1	1
A21033	0	0	1	1
A21034	1	0	1	1
A21035	1	0	1	1
A21036	1	0	1	1
A21038	0	0	1	1
A21040	0	0	1	1
A21042	0	0	1	1
A21044	1	1	0	1
A21045	1	0	0	0
A21047	0	0	1	1
A21048	0	0	1	1
A21049	1	1	1	1
A21050	0	1	1	1
A21051	0	0	1	0
A21052	1	0	1	1
A21054	0	0	0	1
A21055	0	0	0	1
A21056	0	0	1	1
A21057	0	0	1	1
A21058	1	1	1	1
A21059	1	1	1	1
A21060	1	1	0	0
A21061	1	0	1	0
A21066	1	0	1	1
A21067	0	1	1	1
A21069	0	0	1	1
A21070	1	1	1	0
A21071	1	1	1	1
A21072	0	1	1	1
A21073	1	0	1	1
A21074	0	0	1	1
A21076	1	0	0	0
A21077	0	0	1	1
A21079	1	0	1	1
A21080	0	0	1	1
A21081	1	0	1	1
A21086	0	1	0	0
A21087	0	0	1	1
A21089	0	0	1	1
A21090	0	0	1	1
A21092	0	1	1	1
A21093	0	1	1	1
A21094	1	0	0	1
A21095	0	0	1	1
A21100	1	0	0	1
A21101	0	1	1	1
A21102	0	0	1	1
A21103	1	0	1	1
A21104	0	0	0	1
A21105	0	0	1	1
A21107	0	1	1	1
A21108	1	0	1	1
A21112	0	0	1	1
A21113	0	1	0	0
A21115	1	0	1	1
A21116	0	1	1	0
A21118	0	1	1	1
A21119	1	0	0	1
A21121	1	0	1	1
A21122	1	1	0	1
A21127	0	0	1	1
A21129	0	0	1	1
A21130	0	1	1	0
A21132	0	0	1	1
A21133	0	1	1	1
A21134	1	1	1	1
A21135	1	0	1	1
A21137	1	0	0	1
A21138	1	1	0	1
A21139	1	0	1	1
A21141	0	0	1	0
A21142	0	0	1	1
A21143	1	1	1	1
A21144	0	0	1	1
A21146	0	1	0	1
A21149	1	0	0	0
A21150	0	0	1	1
A21152	0	0	1	1
A21153	1	0	1	1
A21155	0	1	1	1
A21156	0	1	1	1
A21157	0	1	1	1
A21161	0	1	0	1
A21162	0	0	1	1
A21164	0	1	1	1
A21166	0	1	1	1
A21168	0	1	0	1
A21169	1	0	1	1
A21170	0	0	1	1
A21172	1	0	1	1
A21173	0	0	1	0
A21174	0	0	1	1
A21175	1	0	0	1
A21176	1	0	0	1
A21177	0	0	1	1
A21180	0	1	1	0
A21182	0	0	0	1
A21183	0	0	1	1
A21185	1	0	1	1
A21186	1	0	1	1
A21190	1	1	0	1
A21192	1	1	1	0
A21194	1	0	1	1
A21196	0	0	1	1
A21197	0	0	1	1
A21199	1	0	1	0
A21201	0	0	1	1
A21204	1	1	0	1
A21205	0	0	1	1
A21206	1	0	1	1
A21207	0	0	1	1
A21208	0	0	1	1
A21210	0	1	0	1
A21213	0	0	1	1
A21214	0	0	0	1
A21216	0	0	1	1
A21218	1	0	1	1
A21219	0	0	1	1
A21220	1	1	0	0
A21223	0	0	1	1
A21224	0	1	1	1
A21227	1	0	0	0
A21228	0	1	1	0
A21229	1	1	0	1
A21231	1	1	0	0
A21232	0	0	1	1
A21233	1	0	1	1
A21234	0	0	0	1
A21235	0	1	1	1
A21237	0	0	1	1
A21238	1	1	0	1
A21239	0	0	1	0
A21240	0	1	1	1
A21241	1	1	0	1
A21244	1	0	0	0
A21246	0	1	1	0
A21251	0	1	1	0
A21252	1	0	1	1
A21253	0	1	1	0
A21254	0	0	1	1
A21255	0	0	1	1
A21257	1	0	0	0
A21259	1	0	0	1
A21260	0	0	1	0
A21261	0	0	1	1
A21263	0	0	1	0
A21267	0	1	1	1
A21268	1	1	1	1
A21269	0	0	1	1
A21271	0	1	1	1
A21273	0	0	1	0
A21274	0	0	1	1
A21275	1	1	0	1
A21277	0	1	1	1
A21278	0	1	1	1
A21280	1	0	0	0
A21281	1	0	1	1
A21282	1	0	1	0
A21283	0	0	1	1
A21285	1	1	1	0
A21286	1	0	0	1
A21289	1	1	1	1
A21291	1	1	1	0
A21292	1	0	1	1
A21293	0	0	1	1
A21294	0	1	1	1
A21295	1	0	1	0
A21296	0	0	0	1
A21297	0	1	1	1
A21298	0	0	0	1
A21299	0	0	1	1
A21300	1	0	0	0
A21301	0	0	1	1
A21302	0	0	0	1
A21305	0	0	0	1
A21306	1	1	1	0
A21307	1	0	1	0
A21311	0	0	1	1
A21314	0	0	1	1
A21316	0	0	1	1
A21317	1	1	0	0
A21318	0	0	1	1
A21319	0	0	1	0
A21320	0	0	1	1
A21321	1	0	1	0
A21322	0	0	0	1
A21325	0	0	1	1
A21328	1	1	1	1
A21331	0	0	0	1
A21332	1	0	0	1
A21333	0	0	1	1
A21334	1	0	1	0
A21336	0	1	1	1
A21337	0	1	0	1
A21339	0	0	1	1
A21340	1	1	0	1
A21341	1	1	1	1
A21344	0	0	1	1
A21345	0	0	1	0
A21346	0	0	1	1
A21348	1	0	1	0
A21349	0	0	1	1
A21350	1	1	0	1
A21351	1	1	1	1
A21352	0	1	1	1
A21353	0	0	1	1
A21355	0	0	1	1
A21356	0	1	1	0
A21357	0	1	1	1
A21358	1	1	0	1
A21362	0	1	1	0
A21363	0	1	1	1
A21364	1	0	1	1
A21365	0	1	1	1
A21366	1	1	0	0
A21369	0	0	1	0
A21370	1	1	0	1
A21371	0	0	1	1
A21372	1	0	1	0
A21373	0	0	1	1
A21374	0	0	0	1
A21375	0	0	1	1
A21376	0	0	1	1
A21377	0	1	1	1
A21378	0	0	1	1
A21384	0	1	1	1
A21385	0	0	1	1
A21386	0	1	1	1
A21387	0	0	1	1
A21390	1	0	1	1
A21391	0	0	0	1
A21392	1	0	0	1
A21393	0	0	1	1
A21394	0	0	0	1
A21395	1	1	0	1
A21397	1	1	0	1
A21398	0	0	1	1
A21399	1	0	1	1
A21400	0	0	1	1
A21401	1	0	1	1
A21402	0	1	1	0
A21404	1	0	1	1
A21406	0	1	1	1
A21407	1	1	1	1
A21408	0	0	1	1
A21410	0	1	1	0
A21411	1	1	1	0
A21412	0	0	1	1
A21414	1	1	0	1
A21415	1	1	1	1
A21416	1	0	1	1
A21417	1	0	1	1
A21418	1	1	1	1
A21421	1	1	1	1
A21422	1	1	1	1
A21423	1	1	1	0
A21424	0	1	1	1
A21425	1	0	1	1
A21426	0	1	1	0
A21428	0	1	0	0
A21431	1	1	1	1
A21433	1	0	1	1
A21434	0	1	0	0
A21435	0	1	0	1
A21436	0	0	1	1
A21437	1	0	1	1
A21438	1	0	1	1
A21439	0	1	0	1
A21440	1	1	0	1
A21441	0	1	0	0
A21442	0	1	1	1
A21443	1	0	1	1
A21444	0	1	1	1
A21445	0	1	0	0
A21446	0	0	1	1
A21447	0	0	1	1
A21450	0	0	1	1
A21451	0	0	1	1
A21453	0	1	0	1
A21454	0	1	1	1
A21455	1	0	1	1
A21456	1	0	0	0
A21457	1	0	1	0
A21460	0	0	1	1
A21461	0	0	1	1
A21462	0	0	0	1
A21463	0	0	1	1
A21464	0	1	1	0
A21465	0	1	1	1
A21468	0	1	1	1
A21469	1	0	1	1
A21472	1	0	1	1
A21473	1	1	0	1
A21474	0	1	0	1
A21475	1	1	1	1
A21476	0	1	1	0
A21477	0	0	1	0
A21478	0	0	1	0
A21479	1	0	0	0
A21480	0	1	0	0
A21481	0	0	1	1
A21482	1	1	0	1
A21485	1	0	0	0
A21486	0	0	1	1
A21487	1	0	1	1
A21491	0	1	1	1
A21492	0	1	1	1
A21493	0	0	1	0
A21494	0	0	0	1
A21495	0	0	1	1
A21496	1	1	0	0
A21497	0	0	1	1
A21498	0	0	1	1
A21500	0	0	1	0
A22001	0	0	0	1
A22002	1	1	0	1
A22003	1	1	0	1
A22004	0	0	1	1
A22008	0	1	1	1
A22011	1	0	0	0
A22012	0	0	1	1
A22013	0	0	1	1
A22015	0	0	1	0
A22017	0	1	1	1
A22021	1	0	1	1
A22023	0	0	1	1
A22025	1	1	1	1
A22029	0	1	1	1
A22030	0	1	0	1
A22031	0	0	1	0
A22032	1	0	1	0
A22034	1	0	1	1
A22035	0	1	1	1
A22036	1	0	1	1
A22037	1	1	1	1
A22040	0	0	1	1
A22041	1	1	1	1
A22042	0	1	1	1
A22043	0	0	1	1
A22044	0	0	0	1
A22045	0	0	1	1
A22046	1	1	1	1
A22047	0	1	1	1
A22049	1	0	0	1
A22050	0	1	1	0
A22052	0	0	1	0
A22054	1	0	1	1
A22055	0	1	1	0
A22056	0	0	1	1
A22057	1	0	1	0
A22058	1	1	1	1
A22059	1	1	0	0
A22061	0	0	1	1
A22063	1	1	0	1
A22065	1	0	1	1
A22066	1	0	1	1
A22068	0	0	0	1
A22069	1	0	0	1
A22070	0	1	1	0
A22075	0	1	1	1
A22076	0	0	1	1
A22081	1	1	0	1
A22083	0	1	1	1
A22084	0	1	1	1
A22085	0	0	0	1
A22088	0	0	1	1
A22089	1	1	1	1
A22093	0	1	1	1
A22094	0	0	1	1
A22096	0	1	1	1
A22097	0	0	1	1
A22098	1	1	1	1
A22100	0	1	1	1
A22101	0	0	1	1
A22102	0	0	0	1
A22105	0	0	1	1
A22107	0	1	1	1
A22108	0	1	1	1
A22112	0	0	1	0
A22113	1	1	1	1
A22115	0	0	0	1
A22116	0	1	0	1
A22117	1	1	1	1
A22118	0	0	1	1
A22119	0	0	1	1
A22120	1	1	1	1
A22122	0	0	0	1
A22123	1	0	1	0
A22124	1	0	1	0
A22125	1	1	1	0
A22127	1	1	1	1
A22129	1	0	0	1
A22133	0	1	1	1
A22135	0	1	1	1
A22139	0	0	1	1
A22141	1	1	1	1
A22142	1	0	1	0
A22144	0	0	1	1
A22147	1	1	1	1
A22148	0	0	1	0
A22149	1	0	0	1
A22150	0	1	1	1
A22151	0	0	1	1
A22152	0	0	1	1
A22153	0	1	1	1
A22154	0	1	1	1
A22155	1	0	1	0
A22157	1	0	1	0
A22159	1	1	1	1
A22160	1	1	0	1
A22161	1	1	1	1
A22162	1	0	1	0
A22163	1	0	1	1
A22165	0	0	1	1
A22166	0	0	1	1
A22167	1	1	0	1
A22168	1	1	1	1
A22169	1	1	1	1
A22170	0	0	1	1
A22171	0	0	1	1
A22174	0	0	1	1
A22178	1	1	1	1
A22179	0	1	1	1
A22182	0	0	1	1
A22183	0	1	1	1
A22184	1	1	0	1
A22185	0	1	1	1
A22187	1	0	1	1
A22188	1	0	1	1
A22190	0	1	0	1
A22191	0	1	1	1
A22193	0	0	0	1
A22195	0	0	1	1
A22196	1	0	1	1
A22197	0	0	1	1
A22198	0	0	0	1
A22200	0	1	1	1
A22201	1	0	1	1
A22202	0	0	1	1
A22204	0	0	1	1
A22205	0	0	1	1
A22206	0	0	0	1
A22207	0	0	0	1
A22208	1	0	0	1
A22210	0	1	1	0
A22212	1	1	0	1
A22213	0	0	1	0
A22215	0	1	1	0
A22216	0	0	1	1
A22217	0	0	1	1
A22218	0	1	1	1
A22220	0	0	1	1
A22223	0	1	0	1
A22225	0	0	1	1
A22226	0	0	1	1
A22227	0	1	1	1
A22229	0	0	1	1
A22230	1	1	1	1
A22231	0	0	0	1
A22232	0	0	1	1
A22233	0	0	1	0
A22234	1	0	1	0
A22235	0	1	1	1
A22237	0	1	1	1
A22238	0	1	1	0
A22239	1	1	0	1
A22242	1	1	0	1
A22243	0	0	0	1
A22244	0	1	1	1
A22247	0	1	1	1
A22248	1	1	1	1
A22249	1	1	1	1
A22250	0	0	1	1
A22251	0	1	1	1
A22252	0	0	1	1
A22253	1	1	1	1
A22254	0	0	1	1
A22255	1	0	1	0
A22260	1	1	1	0
A22261	1	1	0	1
A22263	1	0	1	1
A22266	1	1	1	0
A22268	1	0	1	0
A22269	1	0	0	1
A22270	0	0	1	1
A22273	0	1	1	0
A22274	1	0	1	1
A22276	0	0	1	1
A22277	0	1	1	1
A22278	0	0	1	1
A22279	1	1	0	1
A22280	1	0	1	1
A22282	0	0	1	1
A22283	1	0	0	0
A22284	1	1	0	0
A22285	1	0	0	0
A22286	0	1	0	0
A22288	1	1	0	1
A22289	1	0	0	0
A22291	1	0	1	0
A22292	0	0	1	1
A22294	0	1	1	1
A22297	1	0	0	0
A22298	0	0	1	1
A22299	0	0	0	1
A22300	0	0	1	1
A22302	1	0	1	1
A22303	1	0	1	0
A22305	1	1	1	0
A22306	0	0	1	1
A22309	0	0	1	1
A22310	0	0	1	1
A22312	1	1	0	1
A22313	0	1	1	1
A22314	0	1	1	0
A22315	1	0	1	1
A22316	0	1	1	1
A22317	0	0	1	1
A22318	1	1	1	1
A22319	0	0	0	1
A22320	1	1	1	1
A22321	0	0	1	1
A22322	1	0	1	1
A22325	0	1	1	1
A22326	0	1	1	1
A22327	1	1	0	0
A22328	1	1	1	1
A22332	1	1	1	1
A22333	1	1	0	1
A22335	1	0	1	1
A22339	1	1	1	1
A22343	0	0	1	1
A22345	1	1	0	0
A22347	0	1	1	0
A22348	0	0	1	1
A22349	1	1	1	0
A22350	1	1	1	1
A22351	0	0	1	0
A22352	0	1	1	1
A22353	1	0	1	1
A22354	1	1	1	1
A22355	0	0	1	0
A22356	1	1	0	0
A22358	1	1	0	1
A22361	1	0	1	1
A22362	0	1	1	1
A22363	1	0	1	0
A22368	0	1	1	1
A22369	1	0	1	1
A22371	0	0	1	0
A22372	1	0	1	1
A22376	0	0	1	1
A22377	0	1	1	0
A22379	0	0	1	0
A22381	0	1	1	1
A22382	1	0	1	1
A22383	0	1	1	1
A22385	0	0	1	1
A22386	0	1	1	1
A22387	0	1	1	1
A22391	1	1	0	1
A22392	1	1	1	0
A22393	0	0	1	0
A22394	0	1	1	1
A22397	1	1	1	1
A22398	1	1	1	0
A22399	0	0	1	1
A22403	1	1	1	1
A22404	0	0	0	1
A22405	1	0	1	0
A22406	1	1	0	1
A22408	0	0	1	0
A22409	1	0	1	1
A22411	0	0	1	0
A22412	0	0	1	0
A22413	0	0	1	1
A22414	0	1	1	0
A22415	0	0	1	1
A22416	1	0	1	0
A22417	0	1	1	1
A22419	0	1	1	1
A22420	1	0	1	0
A22421	1	1	1	1
A22423	1	1	1	1
A22428	0	1	1	0
A22430	0	0	0	1
A22431	1	1	0	0
A22432	1	1	1	1
A22433	0	1	1	1
A22436	0	1	1	1
A22437	0	0	1	1
A22438	1	0	0	0
A22439	1	1	1	1
A22440	0	1	1	1
A22441	1	0	0	0
A22442	0	1	0	1
A22443	0	1	1	1
A22444	0	0	1	1
A22445	0	1	1	0
A22447	0	0	0	1
A22449	0	1	1	1
A22450	0	0	1	1
A22451	0	1	1	1
A22452	0	0	1	1
A22453	1	1	1	1
A22457	0	0	1	1
A22458	0	1	1	1
A22459	0	1	1	0
A22460	0	0	1	1
A22461	0	0	1	1
A22462	0	0	1	1
A22464	0	0	1	0
A22467	1	1	1	1
A22470	0	1	1	1
A22471	1	0	1	1
A22475	0	0	1	1
A22476	1	1	1	1
A22477	0	0	1	1
A22478	0	1	1	1
A22480	0	1	1	1
A22481	0	1	1	1
A22483	1	1	0	1
A22484	1	1	1	0
A22485	0	1	1	1
A22486	0	1	1	1
A22487	0	1	1	1
A22488	1	1	0	1
A22490	1	0	1	1
A22491	1	0	1	1
A22492	1	1	1	1
A22493	0	0	1	1
A22495	1	1	1	1
A22496	0	1	1	1
A22498	1	1	1	1
A22499	0	0	1	1
A22500	1	1	1	1
A23001	0	0	1	1
A23002	1	0	0	0
A23003	0	1	0	0
A23006	1	1	1	0
A23007	0	0	1	1
A23008	0	0	1	1
A23009	1	0	0	1
A23010	0	0	1	1
A23012	1	1	1	1
A23016	1	0	1	1
A23017	1	0	1	0
A23018	0	0	1	1
A23019	1	1	1	1
A23021	1	0	0	0
A23022	0	0	1	1
A23023	1	0	1	1
A23024	0	1	0	1
A23025	1	1	0	0
A23026	0	1	0	0
A23027	0	1	0	0
A23028	0	0	1	0
A23029	0	1	0	1
A23030	0	1	0	0
A23031	1	1	1	1
A23032	1	0	1	1
A23035	0	0	1	1
A23036	0	0	1	1
A23037	0	1	1	0
A23038	1	1	1	0
A23040	0	1	1	1
A23041	1	0	1	0
A23042	1	1	0	1
A23044	1	0	0	1
A23045	0	0	1	0
A23047	1	1	0	0
A23050	0	0	1	1
A23053	1	0	0	1
A23056	1	0	1	1
A23057	0	1	1	0
A23058	0	0	1	1
A23060	0	1	1	0
A23062	0	1	1	1
A23063	0	1	1	1
A23064	0	0	1	1
A23065	1	1	1	1
A23066	0	0	1	1
A23067	1	0	0	1
A23068	1	0	1	1
A23069	0	1	1	1
A23071	0	1	1	0
A23072	0	0	1	1
A23073	0	0	1	1
A23074	0	0	1	0
A23076	0	1	1	1
A23077	0	0	1	1
A23078	0	1	0	0
A23079	0	0	0	1
A23080	0	1	1	0
A23081	1	0	0	1
A23082	0	0	1	1
A23083	0	0	1	1
A23084	1	1	1	0
A23085	1	1	1	1
A23086	0	0	1	1
A23090	1	0	0	0
A23093	0	1	0	1
A23096	0	0	1	0
A23099	1	1	0	1
A23100	0	0	0	1
A23101	0	1	1	1
A23105	0	0	1	1
A23106	0	1	1	1
A23108	0	0	1	1
A23111	0	0	1	1
A23112	1	1	0	1
A23113	1	0	1	1
A23114	0	0	1	1
A23115	0	1	0	0
A23117	0	0	1	0
A23118	0	1	0	0
A23119	1	0	0	1
A23121	1	0	1	0
A23122	0	0	0	1
A23124	0	1	1	1
A23125	0	1	1	0
A23126	1	0	1	1
A23128	0	0	1	1
A23129	1	0	1	1
A23130	0	1	1	1
A23132	0	1	0	0
A23133	0	1	1	0
A23134	0	1	1	0
A23135	1	0	1	0
A23137	0	1	0	1
A23140	0	0	1	1
A23142	0	1	1	1
A23143	0	1	1	1
A23144	0	1	1	1
A23146	0	1	1	0
A23147	0	0	1	1
A23148	0	1	0	1
A23149	1	0	1	1
A23150	1	0	1	0
A23152	1	0	0	0
A23157	0	1	1	1
A23158	1	0	1	1
A23161	0	0	1	1
A23167	0	0	1	1
A23169	1	1	0	0
A23170	1	1	0	0
A23171	1	0	1	0
A23172	0	0	1	0
A23173	0	1	1	1
A23174	0	0	1	1
A23175	0	1	0	0
A23177	1	1	0	0
A23178	1	0	0	1
A23179	0	0	1	1
A23181	0	0	1	1
A23182	0	0	0	1
A23186	0	1	0	0
A23187	1	0	0	1
A23190	1	1	0	0
A23193	0	1	1	0
A23195	0	1	1	0
A23196	0	1	1	1
A23197	0	0	1	1
A23198	0	1	0	1
A23200	0	0	1	0
A23201	1	1	0	1
A23202	0	0	1	1
A23203	0	1	1	1
A23204	0	1	1	1
A23206	0	1	1	1
A23207	1	0	1	1
A23210	0	1	1	0
A23211	0	0	1	1
A23212	0	0	1	1
A23214	0	0	1	1
A23215	0	0	1	0
A23217	1	1	0	1
A23218	1	0	1	0
A23219	0	0	1	1
A23221	1	0	1	1
A23223	1	0	1	1
A23225	0	0	1	1
A23226	1	0	1	0
A23227	1	0	0	1
A23228	1	0	0	1
A23229	0	0	0	1
A23230	0	0	0	1
A23232	0	1	1	1
A23233	0	1	1	1
A23236	0	0	1	0
A23237	0	1	1	0
A23238	1	0	1	0
A23240	1	1	1	0
A23242	0	1	1	0
A23243	1	0	1	1
A23246	0	0	1	1
A23247	0	0	1	1
A23248	0	0	1	1
A23251	0	0	1	1
A23253	0	0	1	1
A23255	0	1	1	0
A23258	0	0	1	1
A23259	1	0	1	0
A23260	0	1	1	1
A23261	1	0	0	1
A23263	0	0	1	0
A23264	0	0	1	1
A23268	0	1	1	1
A23271	0	0	1	1
A23272	1	0	1	1
A23273	0	1	0	1
A23274	0	0	1	1
A23277	0	0	1	1
A23278	1	1	1	1
A23279	1	0	0	0
A23282	1	1	0	1
A23283	0	1	1	1
A23284	0	0	0	1
A23286	0	0	1	1
A23287	1	0	1	0
A23288	0	1	1	1
A23289	0	0	1	1
A23290	1	0	1	1
A23291	1	1	0	0
A23292	1	0	1	0
A23294	1	0	1	1
A23295	0	0	1	1
A23296	0	0	1	1
A23300	0	0	1	1
A23301	0	1	1	1
A23302	0	0	1	1
A23303	1	0	1	1
A23305	0	1	1	0
A23306	0	0	1	1
A23307	0	1	1	1
A23308	1	1	0	1
A23309	0	0	1	1
A23310	0	1	1	1
A23311	0	0	1	1
A23314	1	1	1	0
A23315	1	1	1	1
A23316	1	0	1	1
A23317	1	0	1	1
A23318	1	0	0	1
A23319	0	1	1	1
A23320	0	1	1	1
A23322	0	1	0	1
A23325	0	1	0	1
A23327	0	1	1	1
A23331	0	1	1	1
A23332	0	0	1	1
A23333	0	1	1	1
A23334	1	0	0	1
A23336	0	0	1	1
A23338	0	1	1	0
A23339	0	1	1	1
A23340	0	0	1	1
A23341	0	0	1	0
A23345	1	1	1	1
A23349	0	1	1	1
A23350	1	1	0	0
A23351	0	0	1	1
A23352	0	0	1	1
A23353	1	0	1	1
A23354	0	0	0	1
A23356	1	0	0	1
A23360	1	1	0	0
A23363	0	1	1	0
A23364	1	1	1	1
A23366	1	1	0	0
A23369	1	1	1	1
A23371	1	0	1	0
A23373	0	0	1	1
A23374	1	1	0	1
A23375	0	0	1	0
A23376	0	1	1	1
A23377	1	0	1	0
A23378	1	0	0	1
A23381	1	1	1	1
A23382	1	0	1	1
A23383	1	0	1	1
A23384	0	0	1	1
A23386	0	1	0	0
A23388	0	0	1	0
A23390	0	0	1	0
A23391	0	0	1	1
A23392	0	1	1	1
A23393	0	1	0	1
A23394	1	0	1	1
A23395	0	1	1	0
A23397	0	0	1	1
A23398	0	0	1	1
A23401	1	1	0	1
A23402	0	1	0	1
A23406	1	1	0	0
A23407	0	1	1	1
A23408	1	0	1	1
A23410	0	1	1	1
A23411	0	1	0	0
A23412	0	0	1	1
A23413	0	0	1	1
A23415	0	0	1	1
A23416	0	1	1	1
A23417	1	0	0	1
A23419	1	0	1	1
A23420	0	0	1	1
A23421	0	1	1	1
A23422	0	0	1	1
A23424	0	0	1	1
A23425	1	0	1	1
A23426	1	1	0	1
A23428	0	1	1	0
A23429	1	1	1	1
A23431	1	1	0	1
A23432	0	0	1	0
A23434	1	0	1	1
A23435	0	0	0	1
A23436	0	0	0	1
A23437	1	1	1	0
A23439	1	1	1	1
A23440	0	1	0	1
A23441	1	0	1	1
A23443	1	1	0	0
A23444	0	0	1	1
A23445	1	0	1	1
A23447	0	1	1	1
A23450	0	0	1	1
A23451	0	1	1	0
A23452	0	1	1	0
A23454	0	1	1	1
A23455	0	1	1	1
A23456	0	1	1	1
A23457	0	0	1	1
A23459	0	0	1	1
A23460	1	0	0	1
A23461	0	1	1	1
A23462	0	1	1	1
A23463	0	0	1	1
A23464	1	0	0	1
A23466	1	1	0	0
A23468	0	1	1	1
A23469	0	0	1	1
A23470	0	0	1	1
A23471	0	1	1	1
A23472	0	0	1	1
A23473	0	0	1	1
A23475	0	0	1	1
A23479	0	1	1	1
A23480	0	0	1	1
A23481	0	1	1	1
A23482	0	0	1	0
A23483	1	0	1	0
A23485	0	1	1	1
A23487	0	0	1	1
A23488	0	0	1	1
A23489	1	0	0	0
A23490	1	0	0	0
A23492	1	0	1	1
A23493	1	1	1	0
A23494	0	1	1	1
A23495	0	1	1	0
A23498	1	1	0	1
A23499	0	0	1	0
A23500	1	1	1	1
A24001	0	0	0	1
A24003	1	0	1	0
A24007	0	0	1	1
A24011	1	1	1	1
A24012	1	0	0	1
A24013	0	0	1	1
A24014	0	0	0	1
A24016	0	1	1	1
A24017	1	0	1	1
A24018	1	0	1	0
A24019	0	1	1	0
A24021	0	0	1	1
A24022	0	0	1	1
A24027	1	0	1	0
A24028	0	0	1	1
A24029	0	0	1	1
A24030	1	0	1	0
A24033	1	1	0	1
A24034	1	0	1	1
A24039	0	1	1	0
A24040	1	0	1	1
A24041	0	0	0	1
A24042	1	0	0	1
A24044	1	1	0	1
A24045	1	0	0	0
A24046	0	0	1	1
A24047	1	0	0	1
A24048	0	1	1	1
A24049	0	1	1	1
A24050	1	0	1	1
A24052	0	1	0	1
A24053	0	1	1	1
A24054	1	0	1	0
A24055	0	0	1	1
A24056	0	0	0	1
A24059	1	1	0	0
A24060	0	0	0	1
A24061	0	1	1	1
A24063	0	1	0	0
A24064	1	0	1	1
A24065	0	0	0	1
A24066	0	1	1	1
A24068	0	0	1	1
A24069	0	0	1	1
A24070	0	0	0	1
A24071	0	1	0	0
A24072	1	1	1	1
A24073	0	0	1	1
A24075	0	1	1	1
A24079	1	1	0	1
A24080	0	0	1	1
A24081	0	0	1	1
A24083	0	0	0	1
A24085	0	1	1	1
A24086	0	0	1	1
A24087	0	0	1	0
A24088	1	0	0	1
A24091	1	1	0	1
A24092	0	1	1	1
A24093	0	1	1	1
A24097	1	0	1	1
A24099	0	1	1	1
A24100	1	0	1	0
A24101	0	0	1	0
A24103	1	1	0	1
A24104	1	0	0	0
A24105	1	1	0	0
A24107	1	1	0	0
A24108	0	0	1	1
A24110	0	0	0	1
A24111	1	0	1	1
A24112	1	0	1	0
A24113	0	1	1	1
A24114	0	0	1	1
A24115	1	1	0	0
A24116	0	0	1	1
A24117	0	1	0	1
A24119	0	0	1	1
A24121	1	0	1	1
A24123	1	0	1	1
A24125	0	0	1	1
A24126	0	0	1	1
A24127	0	1	1	1
A24128	0	0	1	1
A24129	0	0	1	1
A24132	1	1	0	1
A24133	0	0	1	1
A24134	0	0	1	1
A24137	0	1	1	0
A24138	0	1	1	0
A24140	0	1	1	1
A24141	0	1	0	1
A24142	1	0	1	1
A24145	0	0	1	1
A24146	1	0	1	0
A24148	0	1	0	1
A24149	1	1	1	1
A24150	1	1	1	1
A24152	0	0	0	1
A24154	0	1	0	1
A24155	1	1	1	0
A24157	0	1	1	0
A24160	0	1	1	1
A24161	1	0	1	1
A24162	0	0	0	1
A24165	0	1	1	0
A24166	0	1	1	1
A24167	0	0	1	1
A24168	0	0	1	0
A24171	0	0	1	1
A24172	0	0	1	1
A24173	0	1	1	1
A24174	0	0	1	0
A24175	0	1	1	1
A24176	1	0	1	0
A24177	1	1	0	1
A24178	1	1	1	1
A24179	0	0	1	1
A24180	0	1	1	0
A24181	0	0	1	1
A24182	0	0	1	1
A24183	0	0	1	1
A24186	0	1	1	1
A24187	1	0	1	0
A24188	1	0	1	1
A24191	0	1	1	1
A24193	1	1	0	0
A24194	0	1	0	0
A24195	0	1	1	1
A24196	0	1	1	1
A24197	0	0	1	0
A24199	1	1	0	1
A24200	1	0	0	0
A24201	1	0	1	1
A24202	1	0	0	0
A24203	0	0	1	1
A24204	1	0	0	0
A24207	0	1	0	1
A24208	0	1	1	1
A24209	0	0	1	0
A24215	0	1	0	0
A24216	0	1	1	1
A24218	0	0	1	1
A24219	0	0	1	1
A24220	1	1	1	1
A24222	0	1	1	1
A24223	1	1	1	1
A24224	0	0	0	1
A24227	0	1	0	1
A24229	1	1	0	1
A24231	1	0	0	1
A24232	1	1	1	1
A24236	0	1	1	1
A24238	0	0	1	1
A24240	0	1	1	1
A24241	0	0	1	1
A24242	0	1	1	1
A24243	0	1	1	0
A24244	0	0	1	1
A24247	1	1	1	1
A24253	0	1	1	0
A24254	0	1	1	1
A24255	1	0	0	1
A24260	0	0	1	1
A24262	0	1	1	1
A24263	1	0	0	1
A24265	0	1	1	1
A24269	0	0	1	1
A24271	0	0	1	0
A24272	0	0	1	1
A24273	0	0	1	1
A24274	1	1	0	1
A24276	0	0	1	1
A24277	0	0	1	1
A24278	0	1	1	0
A24279	0	1	1	1
A24280	0	0	1	1
A24281	1	0	0	1
A24282	1	0	1	1
A24283	0	0	1	1
A24285	0	0	1	1
A24286	0	1	1	1
A24287	1	0	1	0
A24288	0	0	1	1
A24289	1	0	1	0
A24290	0	0	1	0
A24291	0	1	1	1
A24292	1	0	1	1
A24293	1	1	1	0
A24296	1	1	0	1
A24297	0	0	1	1
A24299	0	0	1	1
A24300	0	0	0	1
A24301	0	0	1	1
A24302	0	0	0	1
A24304	1	1	0	1
A24306	0	1	1	1
A24307	1	0	1	1
A24308	1	0	1	0
A24309	0	0	1	1
A24310	1	0	1	1
A24311	0	1	1	0
A24312	0	0	1	1
A24314	1	0	1	1
A24316	1	0	1	1
A24319	0	0	1	1
A24321	0	1	1	1
A24322	0	0	1	1
A24323	0	0	1	1
A24324	0	1	1	1
A24325	0	0	1	1
A24327	1	1	0	1
A24328	1	1	0	0
A24329	0	1	1	1
A24330	0	1	1	0
A24334	0	0	1	1
A24335	0	1	1	0
A24336	0	0	1	1
A24337	0	0	1	1
A24339	0	0	1	0
A24341	0	0	1	1
A24342	1	1	0	1
A24345	0	0	1	1
A24346	1	1	0	1
A24347	0	0	1	1
A24348	1	0	1	1
A24352	1	0	1	1
A24353	0	0	0	1
A24357	0	1	1	1
A24358	0	0	1	1
A24359	0	0	1	1
A24360	1	0	1	1
A24362	1	1	1	1
A24364	0	1	1	1
A24366	0	1	0	1
A24368	1	1	1	1
A24369	0	0	1	1
A24370	0	1	1	1
A24372	0	1	1	1
A24373	1	0	1	1
A24374	0	1	1	1
A24375	0	0	1	1
A24376	1	1	1	1
A24377	0	1	1	1
A24378	1	1	1	1
A24379	0	0	1	0
A24380	0	1	1	0
A24381	1	1	1	1
A24382	0	0	1	1
A24384	1	1	1	1
A24385	1	0	1	1
A24386	0	0	1	1
A24388	1	0	1	1
A24389	0	0	1	1
A24390	1	0	1	1
A24391	0	1	1	1
A24392	0	1	1	1
A24396	1	0	0	1
A24397	0	0	1	1
A24398	1	1	0	0
A24399	0	0	0	1
A24401	0	1	1	0
A24402	0	0	1	1
A24403	1	1	1	0
A24404	0	1	1	0
A24405	0	0	1	1
A24408	1	1	1	0
A24411	1	0	1	1
A24412	1	0	0	1
A24414	1	0	0	1
A24415	0	1	0	1
A24416	1	1	0	1
A24417	0	1	1	1
A24420	0	1	1	0
A24423	0	0	1	0
A24425	1	0	0	1
A24427	0	0	1	0
A24428	0	0	1	1
A24430	1	0	1	0
A24431	0	1	0	1
A24433	0	1	1	1
A24434	0	1	1	1
A24435	1	1	0	1
A24437	0	1	0	1
A24438	1	1	0	1
A24441	1	0	1	1
A24442	1	1	0	1
A24443	1	1	0	1
A24444	0	1	0	1
A24445	0	0	1	1
A24446	1	1	1	0
A24447	0	0	1	1
A24449	1	1	1	1
A24450	1	0	0	1
A24451	1	0	1	1
A24454	1	1	0	1
A24455	1	1	0	1
A24456	0	1	0	0
A24457	0	1	0	1
A24459	0	0	1	1
A24461	0	0	1	1
A24462	0	0	1	1
A24463	0	1	1	1
A24464	0	0	1	1
A24465	0	1	1	1
A24468	1	1	1	0
A24469	1	0	0	1
A24472	0	0	1	1
A24473	0	0	1	1
A24475	0	1	1	0
A24476	1	0	0	0
A24478	1	1	1	0
A24482	1	1	0	1
A24483	0	0	1	1
A24484	1	1	1	1
A24486	0	1	1	1
A24487	1	0	0	1
A24489	1	0	0	0
A24490	1	1	0	1
A24491	1	1	0	1
A24492	0	1	1	1
A24493	0	1	1	1
A24495	0	1	1	1
A24496	0	1	1	1
A24498	1	0	0	0
A24499	0	0	1	0
A24500	0	1	1	0
A25001	0	0	1	1
A25003	0	1	1	1
A25005	0	0	1	0
A25006	0	0	1	0
A25008	1	0	0	0
A25010	0	1	1	1
A25011	0	0	0	1
A25012	0	0	1	1
A25013	0	0	1	1
A25014	1	1	1	1
A25016	0	1	1	1
A25017	1	0	0	1
A25018	1	1	1	1
A25019	0	0	1	1
A25020	0	0	1	1
A25023	0	0	1	1
A25024	0	1	1	1
A25026	0	1	1	0
A25027	0	0	1	1
A25030	1	1	1	0
A25032	0	0	1	1
A25034	1	1	0	1
A25036	0	0	1	0
A25037	1	0	0	0
A25039	0	0	1	1
A25040	0	1	0	0
A25042	1	0	0	0
A25043	0	0	1	0
A25045	0	0	1	1
A25047	0	1	1	0
A25048	0	0	1	1
A25049	0	1	1	1
A25050	0	0	1	1
A25053	0	1	1	1
A25054	1	0	1	0
A25061	0	0	1	0
A25062	0	0	1	1
A25063	1	0	0	1
A25064	0	1	1	0
A25065	0	0	1	1
A25066	0	0	1	1
A25067	0	1	0	1
A25071	0	0	1	0
A25074	1	1	0	1
A25076	1	0	1	0
A25077	0	0	0	1
A25079	1	0	1	1
A25080	0	0	1	1
A25081	0	0	1	1
A25082	1	0	1	1
A25085	0	0	1	1
A25086	1	0	1	1
A25087	0	0	1	0
A25089	0	1	1	0
A25092	1	0	1	0
A25093	1	1	1	0
A25094	0	0	1	1
A25096	0	0	1	1
A25097	0	1	1	0
A25098	0	0	1	0
A25099	1	1	0	0
A25101	0	0	0	1
A25103	0	0	1	1
A25104	1	0	0	1
A25105	0	0	1	1
A25107	1	1	0	0
A25108	1	1	0	0
A25110	0	1	0	0
A25111	0	0	1	0
A25113	0	0	1	1
A25114	0	0	1	0
A25115	0	1	0	1
A25116	0	1	1	1
A25117	0	0	1	1
A25119	0	0	1	1
A25121	0	1	0	1
A25122	0	0	1	1
A25123	1	1	1	1
A25124	1	0	0	1
A25126	1	0	0	1
A25127	0	1	1	1
A25128	0	0	1	1
A25129	0	1	1	1
A25132	0	0	1	0
A25134	0	0	1	0
A25135	0	0	1	0
A25136	0	0	1	0
A25138	0	0	1	1
A25141	1	0	1	0
A25142	0	0	1	1
A25143	1	1	0	0
A25145	0	1	1	1
A25147	0	1	1	1
A25150	0	0	1	1
A25151	0	0	1	0
A25154	0	0	1	0
A25155	0	0	1	1
A25156	0	0	1	1
A25157	0	0	1	1
A25159	1	1	0	0
A25160	0	1	1	1
A25165	0	0	0	1
A25166	1	0	1	0
A25167	1	0	1	1
A25168	0	1	1	1
A25169	0	0	1	1
A25170	0	1	1	0
A25171	0	0	1	1
A25174	1	0	0	1
A25175	0	0	1	1
A25176	0	0	1	1
A25178	0	0	1	0
A25179	0	1	1	1
A25180	0	0	1	1
A25181	1	0	0	0
A25184	0	1	1	1
A25185	0	1	1	1
A25190	1	0	0	1
A25192	1	0	0	1
A25193	1	0	1	0
A25196	0	1	1	0
A25197	1	0	1	0
A25198	0	1	1	0
A25199	0	0	1	1
A25200	1	0	0	0
A25203	1	1	1	1
A25204	0	0	1	1
A25205	1	1	1	1
A25207	0	0	1	0
A25209	0	1	1	1
A25213	0	0	1	1
A25215	1	1	1	0
A25217	1	1	0	0
A25218	0	0	1	0
A25219	0	0	1	1
A25220	0	0	0	1
A25221	0	1	1	1
A25222	0	0	1	1
A25223	0	0	1	1
A25224	0	0	1	0
A25227	0	0	1	1
A25228	0	0	1	1
A25230	0	0	1	1
A25234	0	1	1	1
A25235	0	0	1	1
A25236	1	0	1	1
A25238	0	1	0	0
A25240	0	0	1	1
A25241	0	0	1	1
A25242	0	0	1	1
A25243	0	0	1	1
A25244	1	1	1	1
A25245	1	0	1	0
A25247	0	0	1	0
A25249	0	0	1	1
A25250	0	0	1	1
A25253	0	0	1	1
A25258	0	0	1	1
A25259	0	0	1	1
A25260	0	0	1	0
A25262	0	0	1	1
A25264	0	0	1	1
A25266	1	1	1	1
A25267	1	1	0	1
A25269	0	0	1	1
A25270	0	0	1	0
A25271	0	1	1	0
A25272	1	1	1	1
A25273	0	0	0	1
A25274	0	0	1	1
A25275	1	0	1	1
A25277	0	0	0	1
A25278	0	0	1	1
A25279	0	0	1	1
A25280	1	0	1	1
A25281	0	0	1	1
A25282	0	0	1	1
A25283	0	0	0	1
A25284	1	1	0	1
A25285	1	0	1	1
A25288	0	0	1	1
A25289	1	0	1	0
A25291	0	0	0	1
A25292	0	0	1	0
A25293	0	0	1	0
A25294	0	0	1	1
A25295	0	0	0	1
A25296	1	1	0	1
A25297	0	0	1	1
A25298	0	0	1	1
A25299	1	1	0	1
A25300	0	0	0	1
A25301	0	0	1	1
A25302	0	0	0	1
A25304	1	0	1	0
A25307	0	0	1	0
A25308	0	0	1	1
A25309	1	0	1	1
A25312	0	1	1	1
A25313	0	0	1	0
A25314	0	0	1	1
A25315	1	0	0	0
A25316	1	1	1	0
A25317	0	0	1	1
A25318	0	0	1	1
A25319	1	1	1	1
A25320	1	0	1	1
A25322	1	0	0	0
A25324	0	0	1	1
A25325	0	0	0	1
A25327	0	0	1	1
A25328	0	0	0	1
A25331	0	0	1	1
A25333	0	0	0	1
A25334	0	1	1	1
A25335	1	0	1	0
A25337	0	0	1	0
A25338	0	1	0	1
A25340	0	0	1	1
A25341	0	0	1	1
A25342	0	1	1	0
A25344	0	1	1	1
A25345	0	1	1	1
A25347	1	0	0	0
A25348	0	0	1	1
A25350	0	0	1	1
A25351	1	1	1	1
A25353	1	0	1	0
A25355	0	0	1	0
A25356	1	0	0	0
A25357	0	0	1	1
A25358	0	0	0	1
A25359	0	0	1	0
A25360	0	1	0	1
A25362	1	1	1	1
A25365	1	0	1	1
A25366	0	0	1	1
A25367	0	0	0	1
A25368	0	0	1	1
A25369	0	0	1	0
A25372	0	0	1	1
A25373	1	0	1	1
A25374	1	1	0	1
A25375	1	1	1	1
A25376	0	0	1	1
A25378	0	0	1	1
A25379	1	1	1	1
A25380	0	1	1	1
A25382	0	0	1	1
A25386	0	1	1	1
A25387	0	0	1	1
A25388	0	0	1	1
A25389	0	0	1	1
A25390	0	1	1	1
A25391	0	0	0	1
A25392	0	0	1	1
A25393	0	0	1	0
A25395	1	0	1	1
A25398	0	0	1	1
A25402	0	0	0	1
A25403	1	0	1	1
A25405	0	0	1	0
A25407	0	0	1	1
A25408	0	0	1	1
A25409	0	0	1	1
A25410	0	1	1	0
A25412	0	0	1	1
A25413	0	0	0	1
A25414	1	1	0	1
A25415	0	1	1	1
A25417	0	1	1	1
A25418	0	0	1	0
A25420	0	1	0	1
A25421	0	1	0	1
A25422	1	0	1	1
A25423	0	1	0	1
A25424	0	0	1	1
A25425	0	1	1	1
A25428	0	0	1	1
A25429	0	1	0	0
A25430	1	1	1	1
A25431	0	0	0	1
A25433	1	0	1	0
A25436	0	0	1	1
A25438	0	0	1	0
A25440	1	0	1	1
A25441	0	0	1	1
A25442	0	0	1	1
A25444	1	1	1	1
A25445	0	0	1	1
A25446	1	0	0	1
A25447	0	0	1	1
A25450	1	1	1	0
A25451	1	0	1	0
A25452	1	0	1	1
A25453	1	1	0	1
A25455	0	1	1	1
A25457	1	1	0	1
A25458	1	1	0	0
A25462	1	0	0	1
A25463	0	1	1	1
A25465	0	0	1	1
A25466	0	1	1	1
A25467	0	0	1	1
A25471	0	0	1	1
A25474	1	0	0	1
A25476	1	0	1	0
A25477	0	0	0	1
A25479	1	0	1	1
A25480	0	1	1	1
A25481	0	0	0	1
A25483	0	0	1	1
A25484	0	0	1	1
A25485	0	0	1	0
A25486	0	1	1	1
A25488	0	1	1	0
A25491	0	0	1	0
A25492	0	1	1	1
A25493	0	0	1	1
A25494	0	0	1	1
A25495	1	1	0	1
A25496	1	1	1	0
A25499	1	1	0	1
A26005	1	0	0	0
A26007	1	1	1	1
A26008	0	1	1	1
A26011	1	0	1	1
A26012	1	1	1	1
A26013	1	1	1	1
A26014	0	0	1	1
A26017	0	0	1	1
A26018	0	1	0	1
A26019	0	1	1	0
A26020	0	1	1	1
A26022	0	1	1	1
A26023	0	0	1	1
A26025	1	0	1	1
A26027	1	1	0	1
A26028	0	1	1	0
A26031	0	0	1	0
A26032	1	0	0	0
A26034	1	0	1	1
A26036	0	1	1	1
A26037	1	1	1	1
A26038	0	0	1	1
A26042	1	0	1	0
A26044	1	0	0	1
A26047	1	1	0	1
A26048	0	1	1	1
A26049	0	0	1	1
A26051	0	1	1	1
A26052	1	1	1	1
A26053	0	1	1	1
A26055	0	0	1	1
A26056	0	1	1	1
A26057	0	0	1	0
A26058	1	1	1	1
A26059	1	0	1	1
A26061	1	1	0	1
A26065	0	0	1	1
A26066	1	0	0	1
A26067	0	0	1	1
A26069	0	0	1	1
A26070	1	0	1	1
A26071	0	0	1	0
A26072	0	0	1	1
A26075	0	0	1	1
A26078	0	0	1	1
A26081	1	0	1	1
A26083	1	1	0	1
A26084	1	1	1	1
A26085	1	0	1	1
A26086	1	0	0	1
A26088	0	0	1	1
A26089	1	1	1	1
A26091	0	0	1	0
A26092	0	0	1	1
A26094	0	0	1	1
A26095	0	0	1	0
A26096	0	0	1	1
A26097	1	0	1	1
A26098	0	0	0	0
A26100	1	1	1	1
A27001	1	1	1	1
A27002	0	1	1	1
A27003	0	1	1	1
A27004	0	1	0	0
A27005	1	1	1	1
A27006	0	0	1	1
A27007	0	0	1	1
A27008	1	1	1	1
A27014	1	0	1	1
A27016	1	1	0	1
A27017	0	0	1	0
A27018	0	0	1	0
A27021	1	0	1	1
A27022	0	0	1	0
A27023	0	1	1	1
A27024	0	1	0	0
A27025	0	1	1	1
A27026	0	0	1	1
A27027	1	1	1	1
A27030	1	1	1	1
A27034	0	0	1	1
A27035	0	0	1	1
A27036	1	1	1	0
A27037	1	0	0	1
A27038	0	0	1	0
A27039	0	1	0	1
A27044	1	0	0	1
A27045	0	1	0	1
A27047	0	0	0	1
A27048	1	1	1	1
A27050	1	0	1	1
A27051	0	1	1	1
A27052	0	1	0	0
A27053	0	0	1	1
A27054	0	0	0	1
A27055	1	0	0	0
A27057	1	1	1	1
A27058	1	1	0	1
A27060	0	0	1	1
A27061	0	1	1	1
A27062	0	1	0	1
A27063	0	1	1	1
A27064	0	1	0	1
A27066	0	1	1	0
A27068	0	0	1	1
A27069	0	0	0	1
A27070	0	1	0	1
A27071	0	1	1	0
A27075	1	0	1	1
A27078	0	1	0	1
A27080	0	0	1	1
A27081	0	0	1	0
A27082	1	0	1	0
A27083	0	0	1	1
A27084	0	0	1	1
A27085	0	0	1	0
A27086	0	0	1	1
A27087	0	1	1	0
A27088	0	0	1	1
A27089	1	0	1	1
A27090	1	1	1	1
A27091	0	1	1	1
A27093	1	0	1	0
A27094	1	1	1	1
A27095	1	0	0	0
A27096	1	1	0	1
A27099	0	1	1	1
A27100	0	1	1	1
A27102	0	0	1	1
A27103	1	0	1	1
A27106	1	0	1	1
A27107	0	1	1	1
A27110	1	0	1	0
A27111	0	1	1	1
A27112	0	0	1	0
A27113	0	0	1	0
A27115	1	1	1	0
A27116	0	1	1	0
A27118	0	1	0	0
A27120	0	1	1	1
A27121	1	0	0	1
A27123	0	0	1	1
A27124	0	0	1	1
A27125	0	1	0	1
A27127	0	0	1	1
A27129	1	0	1	1
A27130	1	1	1	1
A27131	0	1	1	1
A27132	0	0	0	1
A27133	0	0	1	1
A27134	0	0	0	1
A27135	1	0	0	0
A27139	0	1	1	1
A27143	1	1	0	0
A27146	0	0	1	0
A27148	0	1	0	0
A27150	0	0	1	1
A27152	0	1	1	0
A27153	1	0	1	0
A27155	1	1	0	0
A27156	0	1	0	0
A27157	0	0	0	1
A27158	0	0	1	1
A27159	0	1	1	1
A27160	0	1	1	1
A27162	1	0	0	0
A27163	0	1	0	1
A27166	0	0	0	1
A27167	0	1	1	1
A27168	1	0	0	1
A27172	0	0	1	0
A27173	0	0	1	1
A27174	0	1	1	1
A27176	1	1	0	0
A27177	1	1	1	1
A27179	0	1	1	1
A27180	0	0	1	1
A27181	1	1	1	1
A27185	0	1	1	1
A27187	0	1	1	1
A27189	0	0	1	1
A27190	0	1	1	1
A27193	0	1	1	1
A27194	1	0	0	1
A27195	1	0	1	1
A27196	1	1	1	1
A27198	1	1	1	1
A27199	0	1	1	1
A27200	0	1	0	1
A27201	0	0	0	1
A27202	1	1	1	1
A27204	0	1	1	1
A27205	1	0	0	1
A27206	0	0	1	1
A27207	0	0	0	1
A27208	0	1	1	1
A27211	0	1	1	1
A27213	0	0	1	1
A27214	0	1	1	0
A27216	0	0	0	1
A27217	0	0	1	0
A27218	0	0	0	1
A27219	0	0	1	1
A27221	0	1	1	0
A27222	0	1	1	1
A27223	0	1	1	0
A27224	0	0	1	1
A27230	0	0	1	1
A27231	0	0	0	1
A27234	0	1	1	1
A27235	0	0	1	1
A27236	0	1	1	1
A27237	0	1	1	1
A27238	1	1	1	1
A27239	1	1	1	1
A27240	1	0	1	1
A27241	1	1	0	0
A27243	0	0	0	1
A27244	0	0	1	0
A27245	0	1	1	1
A27247	0	0	1	1
A27248	0	1	1	1
A27249	1	1	0	1
A27250	0	1	1	1
A27251	0	1	1	1
A27252	0	1	1	1
A27253	0	1	1	1
A27254	0	0	0	1
A27255	1	1	1	1
A27256	0	0	0	1
A27257	1	1	1	0
A27258	1	0	0	1
A27259	0	0	1	1
A27260	0	0	0	1
A27263	1	1	1	1
A27267	0	0	1	0
A27268	0	1	1	1
A27269	1	1	0	1
A27270	1	0	0	1
A27271	0	0	1	1
A27273	1	1	0	0
A27275	1	0	1	1
A27276	1	0	1	0
A27281	1	1	1	1
A27282	1	0	1	1
A27284	0	0	1	1
A27285	0	1	1	1
A27286	1	0	1	1
A27287	0	1	1	1
A27290	0	1	1	0
A27291	0	0	0	1
A27292	0	0	1	1
A27293	0	0	0	1
A27295	1	0	0	0
A27297	0	1	1	0
A27298	1	0	1	1
A27299	1	0	1	1
A27300	0	1	1	1
A27302	0	1	1	0
A27309	0	0	1	0
A27310	0	1	1	1
A27312	0	1	1	1
A27314	0	0	1	1
A27315	1	1	1	1
A27316	1	0	1	1
A27319	0	1	1	0
A27320	0	1	0	1
A27322	0	1	1	1
A27323	1	0	1	1
A27324	1	1	0	1
A27326	1	1	0	1
A27327	0	0	1	1
A27328	0	0	1	1
A27329	0	0	1	1
A27330	0	1	0	1
A27334	1	1	0	1
A27335	1	1	1	1
A27336	1	0	1	1
A27338	0	1	1	1
A27339	0	1	1	1
A27342	0	1	1	1
A27343	0	1	0	0
A27345	1	1	0	1
A27346	0	1	0	0
A27351	1	0	1	1
A27352	1	0	1	1
A27353	0	1	1	1
A27354	1	0	0	0
A27355	1	1	0	0
A27356	0	0	1	1
A27357	0	1	0	1
A27359	1	1	1	1
A27360	0	0	1	1
A27361	0	0	1	1
A27362	0	0	1	1
A27364	0	1	0	0
A27366	0	1	1	1
A27367	1	0	1	1
A27368	1	0	0	1
A27369	1	0	1	1
A27371	1	1	1	0
A27372	0	0	1	0
A27373	1	0	0	1
A27374	0	1	1	1
A27375	0	0	1	1
A27377	1	1	1	1
A27378	1	1	0	0
A27379	1	0	0	0
A27380	1	0	1	1
A27381	0	1	1	1
A27382	0	1	0	1
A27383	0	1	1	1
A27385	0	0	0	1
A27386	0	0	1	1
A27387	0	0	1	1
A27392	0	1	1	1
A27393	0	1	1	0
A27395	0	1	1	1
A27396	1	0	1	1
A27397	1	0	1	1
A27398	0	0	1	1
A27399	0	0	1	1
A27400	0	1	1	1
A27404	1	0	1	1
A27405	1	0	0	0
A27408	0	0	0	1
A27411	0	0	1	1
A27414	0	0	1	1
A27415	1	1	1	0
A27418	0	1	0	1
A27419	0	1	1	0
A27425	0	1	0	1
A27427	1	0	1	1
A27428	0	1	1	0
A27429	1	1	1	1
A27430	0	0	1	1
A27431	1	0	0	0
A27432	0	1	1	1
A27433	0	1	1	0
A27434	0	0	1	1
A27435	0	0	1	1
A27437	0	0	1	1
A27438	0	0	1	1
A27440	0	1	1	1
A27441	0	0	1	1
A27443	0	1	1	0
A27444	0	0	1	1
A27445	1	1	0	1
A27448	0	0	1	1
A27449	0	0	1	1
A27452	1	1	0	1
A27453	0	1	1	1
A27454	0	0	1	1
A27455	1	1	1	1
A27456	1	1	1	1
A27457	1	0	1	0
A27459	0	0	1	1
A27460	1	1	1	1
A27462	1	0	1	0
A27463	0	0	1	0
A27464	0	1	1	1
A27465	1	1	1	0
A27466	0	1	1	1
A27469	1	0	1	0
A27471	0	1	1	1
A27472	0	1	1	1
A27474	1	0	1	1
A27475	0	0	1	1
A27477	0	0	0	1
A27479	1	0	0	1
A27480	0	0	1	1
A27481	1	1	1	0
A27482	1	0	1	0
A27484	0	0	1	1
A27486	0	1	0	0
A27487	0	0	1	1
A27488	0	0	0	1
A27491	1	0	0	0
A27492	0	0	1	1
A27494	1	0	0	0
A27497	1	1	0	1
A28002	0	0	1	0
A28004	0	0	1	1
A28008	0	1	0	1
A28012	1	0	0	1
A28013	0	0	1	1
A28015	0	0	1	1
A28016	0	0	0	1
A28019	0	1	1	0
A28020	0	0	1	1
A28021	1	0	1	0
A28022	0	0	1	1
A28023	0	0	0	1
A28024	0	0	0	1
A28025	0	1	0	1
A28026	1	0	0	0
A28027	0	1	1	0
A28028	0	0	1	1
A28029	1	1	1	1
A28030	0	1	0	1
A28031	0	0	1	0
A28033	0	1	0	0
A28035	1	0	1	0
A28036	0	0	1	1
A28039	0	1	1	0
A28040	0	0	1	1
A28041	0	0	1	0
A28044	1	1	1	1
A28045	1	0	0	1
A28047	1	1	0	1
A28048	0	0	1	1
A28050	0	0	1	1
A28053	1	1	1	0
A28054	0	0	1	1
A28056	0	1	0	1
A28057	0	0	1	1
A28059	0	1	1	0
A28060	0	0	1	1
A28061	0	1	1	1
A28062	1	0	1	1
A28064	0	0	0	1
A28065	0	1	1	1
A28066	0	1	1	0
A28067	0	0	1	1
A28068	0	1	0	0
A28069	0	0	1	1
A28070	0	0	1	1
A28071	1	0	0	0
A28073	0	1	1	1
A28074	0	0	1	1
A28075	0	1	1	1
A28077	0	1	1	0
A28078	1	0	1	1
A28080	1	1	1	0
A28083	1	0	1	0
A28085	1	0	1	1
A28086	0	0	1	0
A28087	0	1	1	1
A28088	0	0	1	0
A28091	0	0	0	1
A28093	0	0	1	1
A28096	1	1	0	1
A28098	0	1	1	1
A28099	1	0	1	1
A28100	0	1	1	1
A28101	0	0	1	0
A28103	1	1	1	0
A28105	1	0	0	1
A28107	0	1	1	1
A28108	0	0	1	1
A28109	1	0	0	1
A28111	1	0	0	0
A28114	0	1	1	0
A28115	0	0	1	1
A28116	1	0	1	0
A28118	1	1	1	1
A28119	0	0	1	1
A28120	0	1	1	0
A28121	0	0	1	0
A28123	1	1	0	0
A28125	0	1	1	0
A28126	0	0	1	0
A28129	0	1	0	1
A28131	0	1	1	1
A28132	0	0	1	1
A28133	1	1	1	1
A28134	0	0	1	0
A28136	0	0	0	1
A28137	0	0	0	1
A28140	1	0	1	0
A28142	1	1	0	0
A28144	0	0	1	0
A28145	0	0	0	1
A28146	1	1	0	1
A28147	0	1	1	1
A28149	0	1	1	0
A28150	1	0	1	0
A28151	0	0	1	1
A28154	1	1	0	1
A28155	1	0	0	0
A28156	1	0	1	1
A28157	1	1	0	0
A28158	1	0	1	1
A28160	1	0	1	1
A28162	1	1	1	0
A28164	0	0	0	1
A28168	0	0	1	1
A28169	1	1	1	0
A28170	0	0	1	0
A28172	0	1	0	1
A28173	1	1	1	1
A28174	0	0	1	0
A28175	1	0	0	0
A28177	1	0	0	0
A28180	0	0	1	1
A28181	0	1	1	1
A28182	0	0	1	0
A28183	0	0	0	1
A28184	0	1	0	1
A28185	1	0	0	1
A28189	0	0	1	1
A28190	0	1	1	1
A28191	1	1	0	1
A28192	0	1	1	1
A28193	0	0	1	1
A28194	0	0	1	1
A28197	1	1	1	1
A28198	1	1	1	1
A28200	1	0	1	1
A28202	1	0	0	0
A28203	0	0	1	1
A28207	1	0	0	0
A28209	0	1	0	1
A28210	0	1	1	1
A28211	1	0	1	0
A28214	0	1	1	1
A28216	0	0	1	1
A28218	0	0	1	1
A28219	1	1	0	1
A28220	1	0	1	0
A28221	1	0	1	0
A28222	1	1	1	0
A28223	1	1	1	0
A28224	0	0	0	1
A28226	0	1	1	1
A28227	0	1	0	1
A28229	0	0	1	0
A28230	0	1	1	0
A28231	0	0	1	0
A28232	0	1	0	1
A28233	1	0	1	1
A28234	0	0	1	0
A28237	1	0	0	1
A28239	0	0	1	0
A28241	1	1	1	1
A28244	0	0	1	1
A28245	0	0	1	0
A28247	0	1	1	1
A28249	0	0	1	1
A28250	1	1	1	1
A28251	0	0	1	0
A28252	0	0	1	1
A28253	1	0	1	1
A28254	1	1	0	0
A28255	1	0	1	0
A28256	1	1	0	0
A28257	1	0	0	1
A28258	0	0	1	0
A28259	1	1	1	1
A28261	0	0	1	0
A28263	0	1	1	1
A28265	1	0	0	0
A28266	0	0	1	0
A28267	0	0	1	1
A28268	0	1	1	0
A28270	0	0	1	1
A28271	0	0	1	0
A28272	0	0	1	0
A28273	0	0	1	0
A28274	1	0	0	1
A28277	0	0	0	1
A28279	0	0	1	1
A28282	0	0	0	1
A28284	0	0	1	1
A28285	0	0	0	1
A28288	0	1	1	0
A28290	1	0	0	1
A28291	0	0	1	1
A28292	0	1	1	0
A28293	1	0	1	0
A28295	1	0	0	0
A28297	0	0	1	1
A28298	0	1	1	0
A28301	1	1	1	1
A28302	0	1	1	0
A28303	1	1	1	0
A28304	0	0	1	0
A28305	1	1	1	1
A28306	1	0	0	1
A28307	0	0	0	1
A28309	0	1	0	1
A28310	1	1	1	0
A28312	1	1	0	0
A28313	0	0	1	0
A28314	1	1	0	1
A28315	1	1	1	0
A28316	0	0	1	1
A28317	1	1	0	1
A28319	1	1	1	0
A28320	0	1	1	1
A28321	1	0	1	1
A28324	0	0	0	1
A28325	0	0	0	1
A28326	1	0	1	1
A28327	1	1	1	1
A28330	1	1	1	1
A28331	0	1	1	0
A28332	0	1	1	1
A28333	0	0	1	1
A28334	0	1	0	1
A28335	0	0	1	1
A28338	1	1	0	1
A28343	0	0	0	1
A28345	1	0	0	0
A28346	0	1	1	0
A28348	0	0	1	1
A28349	0	1	1	0
A28350	1	0	0	0
A28353	0	0	0	1
A28354	1	1	1	1
A28355	1	0	1	1
A28356	0	0	1	0
A28361	0	0	1	1
A28362	0	0	0	1
A28364	1	0	1	1
A28366	0	0	1	0
A28368	1	1	0	0
A28370	1	0	1	1
A28371	0	1	1	1
A28372	1	0	0	1
A28373	1	0	0	1
A28374	0	0	0	1
A28376	0	0	1	1
A28377	0	0	1	1
A28379	1	1	1	0
A28380	0	0	1	1
A28381	1	0	1	1
A28382	0	1	1	1
A28383	1	0	1	1
A28386	0	0	1	1
A28388	0	1	1	1
A28389	0	1	0	1
A28390	0	1	1	1
A28392	0	1	1	0
A28393	0	1	1	1
A28394	1	1	0	1
A28398	0	0	1	1
A28399	0	1	0	1
A28400	0	1	1	0
A28407	0	0	1	1
A28408	0	0	1	1
A28410	0	0	1	1
A28411	0	1	1	0
A28413	0	0	1	0
A28414	0	0	0	1
A28415	1	1	0	1
A28418	1	0	1	1
A28419	1	1	1	0
A28420	1	1	1	1
A28422	0	0	1	0
A28423	0	0	1	1
A28424	1	1	1	1
A28425	0	1	0	1
A28428	0	1	1	1
A28430	1	1	0	1
A28431	0	0	1	0
A28432	0	0	1	0
A28433	0	1	1	0
A28435	0	0	1	0
A28436	0	0	1	1
A28438	1	0	0	1
A28440	0	1	0	1
A28442	0	1	1	1
A28444	0	0	0	1
A28445	0	0	1	0
A28446	1	0	1	1
A28448	0	1	1	1
A28449	0	0	0	1
A28450	0	0	1	1
A28451	0	1	1	1
A28452	1	1	1	0
A28453	0	1	1	0
A28454	0	0	1	1
A28455	1	1	0	1
A28458	0	0	1	1
A28459	1	1	1	0
A28460	1	0	0	1
A28462	0	0	1	0
A28463	1	0	1	1
A28465	1	1	1	0
A28467	1	1	1	1
A28469	1	0	1	0
A28471	1	0	1	0
A28472	1	0	1	0
A28473	0	0	1	0
A28475	0	0	1	0
A28476	1	1	0	0
A28477	0	0	0	1
A28479	0	1	1	1
A28480	1	0	0	0
A28481	0	0	1	1
A28482	0	0	1	1
A28483	0	0	1	1
A28485	0	0	1	1
A28486	1	0	1	0
A28487	0	0	0	1
A28488	1	0	1	0
A28489	0	0	1	1
A28491	0	1	1	1
A28492	0	1	1	1
A28493	0	1	0	1
A28494	1	0	1	1
A28495	0	1	1	0
A28496	0	0	1	1
A28497	0	1	1	1
A28498	1	0	1	1
A28499	0	0	1	0
A28500	1	1	0	1
A29002	0	0	1	1
A29005	1	0	0	0
A29007	1	0	1	0
A29008	0	0	1	0
A29009	1	0	1	1
A29010	1	1	1	0
A29011	0	1	1	1
A29012	0	0	0	1
A29013	0	0	1	1
A29014	0	1	1	0
A29015	1	0	1	1
A29017	0	0	1	1
A29018	0	0	1	1
A29019	0	1	1	1
A29022	0	1	1	1
A29023	1	1	0	1
A29025	1	0	1	1
A29026	0	0	0	1
A29027	0	0	0	1
A29029	0	0	0	1
A29030	0	1	1	1
A29031	0	1	1	1
A29033	0	0	1	1
A29034	1	1	1	0
A29035	0	1	1	0
A29036	0	1	1	1
A29039	1	0	0	1
A29041	0	0	1	0
A29042	0	1	0	1
A29043	0	0	1	0
A29044	1	1	1	1
A29045	0	0	1	1
A29048	0	1	1	1
A29050	0	0	1	1
A29051	1	1	0	0
A29052	0	0	1	1
A29053	0	0	1	1
A29054	0	0	1	1
A29057	1	0	0	0
A29060	0	1	1	0
A29062	1	1	1	1
A29064	1	0	1	0
A29065	0	1	1	1
A29069	0	0	1	1
A29070	0	0	1	1
A29071	1	1	0	1
A29072	1	1	1	1
A29073	1	1	1	0
A29076	0	0	0	1
A29080	0	0	1	1
A29082	1	0	1	1
A29083	0	0	1	1
A29085	1	0	1	1
A29087	1	1	0	1
A29089	1	1	0	1
A29090	0	1	1	1
A29092	0	1	0	0
A29093	1	0	1	1
A29094	0	1	1	1
A29096	1	0	0	0
A29098	0	0	1	1
A29103	0	0	1	1
A29105	1	1	0	1
A29106	0	0	1	1
A29107	1	0	0	0
A29109	0	0	1	1
A29111	0	1	1	1
A29114	1	0	1	0
A29115	0	0	1	0
A29116	1	0	1	0
A29119	0	0	1	1
A29120	0	0	1	1
A29123	0	0	1	1
A29124	1	0	1	1
A29126	1	1	1	1
A29127	1	1	1	1
A29130	1	0	1	1
A29131	0	1	1	1
A29133	0	0	1	0
A29134	1	1	0	1
A29135	0	1	0	1
A29136	0	0	1	1
A29138	1	0	1	1
A29142	0	0	1	0
A29143	0	1	1	1
A29144	0	1	1	1
A29147	0	1	1	1
A29148	0	0	1	0
A29151	0	0	1	0
A29152	1	1	1	1
A29153	0	0	0	1
A29154	0	1	0	0
A29155	0	0	1	0
A29156	0	1	0	1
A29158	0	0	1	0
A29159	0	0	1	1
A29160	0	1	1	1
A29161	1	0	0	1
A29164	0	0	1	1
A29165	1	1	1	1
A29168	1	1	1	1
A29169	1	0	0	1
A29170	1	1	1	0
A29172	0	0	1	1
A29173	0	0	1	1
A29174	0	0	0	1
A29176	0	1	0	1
A29177	1	0	1	0
A29179	0	1	1	1
A29180	0	1	0	1
A29181	0	1	1	1
A29185	1	1	1	1
A29186	0	1	1	1
A29187	0	1	0	1
A29188	1	0	0	1
A29190	0	0	0	1
A29191	0	0	1	1
A29192	0	0	1	1
A29193	0	1	1	1
A29194	0	0	1	1
A29195	0	0	1	1
A29196	0	0	1	1
A29197	0	0	0	1
A29198	0	1	0	1
A29200	1	1	1	0
A29201	0	1	1	1
A29203	1	1	1	1
A29204	0	0	0	1
A29205	0	1	0	1
A29207	1	0	0	0
A29210	0	1	1	1
A29212	1	0	0	0
A29214	0	1	0	0
A29217	0	0	1	1
A29222	0	1	1	0
A29224	0	1	0	1
A29226	0	0	0	1
A29229	0	1	1	1
A29232	0	0	0	1
A29233	1	0	1	1
A29235	0	1	1	1
A29237	1	0	1	1
A29238	0	0	1	1
A29240	0	0	1	1
A29241	1	0	1	0
A29243	0	0	1	1
A29245	0	0	1	0
A29248	0	1	0	1
A29249	0	1	1	1
A29250	0	1	1	1
A29252	0	0	1	0
A29253	0	0	1	0
A29254	0	0	1	1
A29255	0	0	1	1
A29256	0	0	0	1
A29257	0	0	1	0
A29262	1	1	1	1
A29264	0	0	1	1
A29265	0	1	0	1
A29266	0	0	1	1
A29268	0	1	1	0
A29269	0	0	1	1
A29270	1	0	1	1
A29271	1	1	1	1
A29273	0	0	1	0
A29274	0	0	1	1
A29275	0	0	1	1
A29277	0	1	1	0
A29278	0	0	1	1
A29284	0	1	0	1
A29286	1	1	1	1
A29287	0	1	1	1
A29288	0	0	0	1
A29289	0	1	0	1
A29290	0	0	1	1
A29292	0	0	1	0
A29294	1	1	1	1
A29296	1	1	0	0
A29297	0	0	1	0
A29299	0	0	1	1
A29300	1	0	0	0
A29303	0	0	0	1
A29305	1	1	0	1
A29308	0	1	1	1
A29309	1	0	0	0
A29312	0	0	0	1
A29314	1	1	0	1
A29315	1	1	0	1
A29317	1	1	1	1
A29318	1	0	1	1
A29321	1	1	0	1
A29322	0	1	1	1
A29323	0	0	1	1
A29324	0	0	1	1
A29330	0	0	1	1
A29331	0	0	0	1
A29332	1	1	0	0
A29333	1	1	1	1
A29335	1	0	1	1
A29336	0	1	1	1
A29338	0	0	1	0
A29339	0	0	1	0
A29340	0	1	0	0
A29342	0	1	1	1
A29346	0	0	1	1
A29347	1	0	1	0
A29350	0	1	1	1
A29351	1	0	1	0
A29355	0	0	1	1
A29356	0	0	1	1
A29357	0	0	0	1
A29358	0	0	1	0
A29359	0	0	0	1
A29362	0	0	1	0
A29366	1	1	0	1
A29368	0	0	1	1
A29374	0	1	1	0
A29375	0	0	0	1
A29377	0	1	1	1
A29378	1	1	1	1
A29380	1	1	0	1
A29381	0	0	1	1
A29383	1	0	0	0
A29385	0	0	1	1
A29388	1	0	1	1
A29389	1	1	0	1
A29390	0	0	0	1
A29391	1	0	1	0
A29392	0	1	1	1
A29393	1	1	0	1
A29394	1	0	1	1
A29396	1	1	0	0
A29397	1	0	0	1
A29399	1	0	1	1
A29401	1	0	1	1
A29402	0	0	1	1
A29403	0	1	1	0
A29407	0	1	0	1
A29408	0	0	1	0
A29409	1	1	0	1
A29412	1	0	0	0
A29413	0	0	1	0
A29414	0	0	1	1
A29417	1	0	0	1
A29418	0	0	1	1
A29423	0	0	1	0
A29424	1	0	1	1
A29426	0	0	1	1
A29427	0	0	1	0
A29429	0	0	1	1
A29430	0	1	1	1
A29431	1	0	0	0
A29432	1	1	1	1
A29436	1	1	0	1
A29437	0	1	1	0
A29438	1	0	0	1
A29439	0	1	0	0
A29440	0	0	1	0
A29444	0	0	0	1
A29445	0	0	1	1
A29448	0	1	1	0
A29450	1	0	0	0
A29453	0	1	0	0
A29455	1	0	1	1
A29456	0	0	1	0
A29458	0	1	1	1
A29459	0	1	1	1
A29460	1	1	0	1
A29461	0	0	0	1
A29462	0	0	0	1
A29464	0	0	1	1
A29465	0	1	1	0
A29467	0	0	0	1
A29468	1	1	1	0
A29469	0	0	0	1
A29470	1	1	0	1
A29471	1	0	1	1
A29472	0	1	0	1
A29476	0	1	1	1
A29478	0	0	0	1
A29479	0	0	0	1
A29481	0	1	1	0
A29482	0	0	1	1
A29484	0	0	1	0
A29485	0	0	1	1
A29486	0	0	1	1
A29487	0	1	1	1
A29488	1	0	1	1
A29490	1	1	1	1
A29491	0	1	1	1
A29494	0	0	1	1
A29495	1	1	0	1
A29496	0	0	1	1
A29497	0	0	1	1
A29500	0	1	1	0
A30001	0	1	1	1
A30002	0	1	1	1
A30003	1	0	0	1
A30004	1	0	0	1
A30005	0	0	1	1
A30006	0	0	0	1
A30011	0	1	1	1
A30012	0	0	1	1
A30013	0	1	1	1
A30014	1	0	1	0
A30016	0	0	1	1
A30022	0	0	1	1
A30023	0	1	1	1
A30024	0	1	1	1
A30025	0	0	1	1
A30028	1	0	0	1
A30029	0	0	0	1
A30032	1	0	1	1
A30033	0	0	1	0
A30034	1	1	0	1
A30037	0	1	1	1
A30038	0	1	1	0
A30039	0	1	0	1
A30040	1	0	1	1
A30041	1	0	0	1
A30044	0	0	1	1
A30045	0	0	1	0
A30050	0	0	1	1
A30051	1	0	1	1
A30054	0	0	1	1
A30056	0	1	0	0
A30057	0	0	1	0
A30058	0	1	0	0
A30059	1	0	1	0
A30060	1	0	1	1
A30061	1	1	1	1
A30062	1	0	0	1
A30063	0	1	1	0
A30064	0	1	1	1
A30065	0	0	1	1
A30066	0	1	1	1
A30070	0	0	1	1
A30072	1	0	1	1
A30073	0	1	1	1
A30075	1	0	1	0
A30076	0	0	1	0
A30078	0	0	0	1
A30079	1	0	1	0
A30081	0	0	1	1
A30082	0	1	1	1
A30083	0	1	1	1
A30084	0	1	1	0
A30085	0	1	1	1
A30086	0	0	1	1
A30090	0	0	1	1
A30091	1	0	1	1
A30092	0	1	0	1
A30094	1	0	1	1
A30095	1	1	0	1
A30096	1	0	0	0
A30099	0	1	1	0
A30101	0	1	1	0
A30102	1	0	0	1
A30105	0	0	0	1
A30106	0	1	1	1
A30107	0	0	1	1
A30108	0	0	1	1
A30109	0	1	0	1
A30110	0	1	0	1
A30111	0	0	0	1
A30112	1	0	1	1
A30113	1	0	0	0
A30115	1	0	0	1
A30118	1	1	0	0
A30119	1	1	0	0
A30121	0	0	0	1
A30123	0	0	0	1
A30125	0	0	0	1
A30127	0	1	1	1
A30129	1	0	0	1
A30130	1	1	0	1
A30134	0	1	1	0
A30135	1	0	0	0
A30136	1	1	1	0
A30138	0	1	0	1
A30139	0	1	1	0
A30140	0	1	1	1
A30146	0	1	1	1
A30147	1	1	0	1
A30148	0	0	1	1
A30149	0	0	1	0
A30150	0	1	0	0
A30151	0	0	1	0
A30154	1	0	1	1
A30156	0	1	0	1
A30157	0	0	1	1
A30158	0	0	1	0
A30159	0	0	1	1
A30160	1	1	1	1
A30162	1	1	0	1
A30163	0	0	1	0
A30165	0	0	1	1
A30166	1	0	1	0
A30168	0	1	0	1
A30169	0	1	0	1
A30170	1	0	0	1
A30171	1	0	0	0
A30172	0	1	1	0
A30173	0	0	1	1
A30174	0	0	1	1
A30177	1	0	0	0
A30180	0	1	1	0
A30181	0	0	1	0
A30182	1	0	1	1
A30184	1	0	1	1
A30185	0	0	1	1
A30186	0	1	1	1
A30189	0	1	1	1
A30190	0	1	1	0
A30191	0	0	0	1
A30192	0	1	1	0
A30194	1	0	0	1
A30195	0	0	1	1
A30196	1	0	1	1
A30197	0	0	1	1
A30198	1	1	0	0
A30199	0	0	1	0
A30200	0	0	1	0
A30201	0	0	1	1
A30204	1	1	1	1
A30205	0	0	1	1
A30206	0	0	1	1
A30207	1	1	1	1
A30209	0	1	0	1
A30210	0	0	1	0
A30211	1	0	1	1
A30213	0	1	1	0
A30214	0	1	1	1
A30215	0	0	1	1
A30216	0	1	1	0
A30218	1	0	1	1
A30220	0	0	1	1
A30221	0	1	1	1
A30222	1	1	0	1
A30223	0	1	1	1
A30224	0	1	1	1
A30226	1	0	1	1
A30227	0	0	1	1
A30228	1	0	0	1
A30229	0	0	0	1
A30231	0	0	1	1
A30232	0	1	0	1
A30233	1	0	1	0
A30234	0	1	1	1
A30235	0	0	1	1
A30238	0	0	1	1
A30239	0	0	1	1
A30240	0	0	1	1
A30241	0	0	0	1
A30242	0	0	1	1
A30243	0	1	1	0
A30245	0	0	1	1
A30247	1	0	1	1
A30248	1	0	1	1
A30249	1	0	0	1
A30250	1	0	0	1
A30251	0	1	0	1
A30252	1	0	0	0
A30253	1	0	1	1
A30255	1	0	1	1
A30256	1	0	1	0
A30257	0	1	1	1
A30258	0	1	1	0
A30259	1	1	0	0
A30260	1	1	1	1
A30262	1	1	1	1
A30263	1	1	1	0
A30264	1	1	0	0
A30266	0	0	1	1
A30270	0	1	1	1
A30271	0	1	1	1
A30272	1	0	1	1
A30276	1	0	0	0
A30277	0	0	1	1
A30278	0	1	1	0
A30279	1	0	1	1
A30281	0	1	1	1
A30282	0	0	1	1
A30283	0	1	1	1
A30284	1	0	1	1
A30286	0	1	1	0
A30287	1	1	0	0
A30288	0	1	1	1
A30289	0	0	1	1
A30290	0	1	0	1
A30293	0	1	0	0
A30294	0	0	1	1
A30296	1	1	0	1
A30299	1	0	1	1
A30300	1	1	1	1
A30302	1	0	0	0
A30303	0	0	1	0
A30304	0	0	1	1
A30305	0	1	1	1
A30306	1	1	0	1
A30308	0	1	1	1
A30310	0	1	0	0
A30311	0	0	1	0
A30312	1	0	0	1
A30313	0	0	0	1
A30314	1	1	0	0
A30315	1	0	1	1
A30316	0	1	1	1
A30317	1	0	1	0
A30319	1	1	0	0
A30320	0	1	1	0
A30322	1	0	0	1
A30323	0	0	0	1
A30324	0	1	0	1
A30326	1	0	1	1
A30327	1	0	0	1
A30329	0	0	1	0
A30330	0	1	1	0
A30332	0	0	1	1
A30333	0	1	1	1
A30334	1	1	1	1
A30335	0	0	1	1
A30336	1	0	0	1
A30337	1	0	1	1
A30338	0	0	1	1
A30340	1	1	0	0
A30341	1	1	1	1
A30343	0	1	1	1
A30344	0	1	1	1
A30345	1	0	1	1
A30346	0	1	1	1
A30348	1	1	1	1
A30349	1	1	1	1
A30350	1	0	1	0
A30352	0	1	1	0
A30353	0	0	1	1
A30357	1	0	1	0
A30358	1	0	1	0
A30359	0	1	1	0
A30360	0	0	0	1
A30361	0	0	1	1
A30362	1	0	1	1
A30363	1	1	1	1
A30364	0	0	1	1
A30365	0	0	0	1
A30366	0	0	1	1
A30367	0	0	1	1
A30368	0	0	1	1
A30369	0	1	1	1
A30371	0	0	1	1
A30373	1	0	1	1
A30375	0	0	1	1
A30376	1	0	0	0
A30377	1	1	0	0
A30378	0	0	1	0
A30379	0	0	1	1
A30381	1	1	1	1
A30382	1	0	0	0
A30383	0	1	1	0
A30386	1	0	0	1
A30388	0	0	1	1
A30389	0	1	1	1
A30390	1	0	1	1
A30392	1	0	0	0
A30394	1	1	1	0
A30396	0	1	1	1
A30398	0	1	0	1
A30400	0	0	0	1
D01011	0	1	1	0
D01012	0	0	1	1
D01013	1	0	1	1
D01014	1	0	1	0
D01015	1	0	1	1
D01016	0	1	1	1
D01017	0	0	1	1
D01026	0	1	1	1
D01027	0	0	1	1
D01028	1	0	1	1
D01029	1	1	1	1
D01030	1	1	0	0
D01031	0	1	1	1
D01032	1	1	0	0
D01033	1	0	1	1
D01034	1	1	1	0
D01035	1	0	1	1
D01036	0	1	1	1
D01037	0	0	1	1
D01038	1	0	0	1
D01039	0	0	1	1
D01040	0	1	1	1
D01041	0	1	1	0
D01042	0	1	1	0
D01051	0	1	1	1
D01052	0	0	1	0
D01053	1	1	1	0
D01054	1	0	1	0
D01055	1	1	1	0
D01056	1	1	0	1
D01057	1	1	0	1
D01058	0	1	1	1
D01059	1	0	1	0
D01060	1	0	0	1
D01061	1	1	0	1
D01076	0	0	1	1
D01077	1	0	0	0
D01078	0	0	1	1
D01079	0	0	0	1
D01080	1	0	1	1
D01081	1	1	0	1
D01082	1	0	0	1
D01083	0	0	0	1
D01084	0	1	1	1
D01085	1	1	1	1
D01093	0	1	0	0
D01094	0	1	0	0
D01095	0	1	0	1
D01096	1	1	0	1
D01097	0	1	1	1
D01102	0	1	0	0
D01103	1	1	0	0
D01104	1	1	0	1
D01105	0	1	1	1
D01106	1	1	0	1
D01107	1	1	1	1
D01108	1	1	0	1
D01109	0	1	0	0
D01110	1	1	0	1
D01111	1	1	1	0
D01112	1	1	1	0
D01113	0	1	1	1
D01114	0	1	1	1
D01115	0	0	1	1
D01116	0	1	1	1
D01124	1	0	1	0
D01125	1	0	0	0
D01126	1	0	1	1
D01127	1	0	1	1
D01128	0	1	1	0
D01139	0	0	1	1
D01140	1	1	1	1
D01141	0	1	0	1
D02013	1	1	1	1
D02014	0	1	1	1
D02015	0	1	1	1
D02016	0	1	1	1
D02017	1	1	1	1
D02018	0	0	0	1
D02019	0	1	1	1
D02020	1	1	0	1
D02021	1	1	0	1
D02022	1	1	1	1
D02023	0	0	1	1
D02024	0	0	0	1
D02025	0	0	0	1
D02026	0	0	1	1
D02027	0	0	1	1
D02028	0	0	0	1
D02029	1	1	1	1
D02030	1	0	1	1
D02031	0	0	1	1
D02032	0	1	1	0
D02033	0	0	1	1
D02034	0	1	1	0
D02035	1	1	1	1
D02036	0	1	0	1
D02037	0	1	0	1
D02038	1	1	0	1
D02039	0	1	0	1
D02040	1	1	1	1
D02047	1	1	0	0
D02048	1	1	0	0
D02049	0	0	1	0
D02050	1	1	0	0
D02051	1	1	1	1
D02052	0	1	1	1
D02053	0	1	1	1
D02071	0	1	1	1
D02072	0	0	1	1
D02073	0	0	1	1
D02074	1	0	0	1
D02075	0	0	1	1
D02076	1	1	1	0
D02077	0	0	1	1
D02078	0	0	1	1
D02079	0	1	1	1
D02080	1	1	1	1
D02081	0	1	1	1
D02082	0	1	1	1
D02083	0	1	1	1
D02084	0	0	1	1
D02085	0	0	1	1
D03001	0	1	1	1
D03007	0	1	1	1
D03008	1	1	1	1
D03009	1	0	1	0
D03010	1	1	1	1
D03011	1	1	0	0
D03012	1	1	1	0
D03013	1	1	0	1
D03014	1	1	0	1
D03015	0	1	0	1
D03020	1	0	1	1
D03021	1	0	1	0
D03022	0	0	0	1
D03023	0	0	1	1
D03024	1	0	1	1
D03030	0	0	1	0
D03031	1	0	1	0
D03032	0	1	1	1
D03033	0	0	1	1
D03034	0	1	1	1
D03035	0	0	1	1
D03036	0	0	1	0
D03037	0	0	1	1
D03038	0	1	0	1
D03039	0	1	1	1
D03041	0	1	1	1
D03042	1	1	1	1
D03054	1	1	0	0
D03055	0	1	1	1
D03056	1	0	1	1
D03057	0	0	1	1
D03058	1	0	1	1
D03059	0	0	1	1
D03060	0	0	1	0
D27004	0	1	1	0
D27005	0	0	1	1
D27011	0	0	1	1
D27012	0	0	1	1
D27013	0	0	1	1
D27014	0	0	1	1
D27015	0	0	1	0
D27016	1	1	1	1
D27017	1	0	1	0
D27021	0	1	1	1
D27022	0	1	0	0
D27023	0	0	1	1
D27024	0	0	1	0
D27025	0	0	1	1
D27026	0	0	0	1
D27027	0	0	1	1
D27028	0	1	1	1
D27029	0	1	1	1
D27030	0	0	0	1
D27031	0	0	0	1
D27032	0	0	0	1
D27033	0	0	0	1
D27034	0	0	1	1
D27035	0	0	0	1
D27036	0	0	0	1
D27037	0	1	1	1
D27038	0	0	0	1
D27039	0	1	0	0
D27040	0	0	1	1
D27041	1	0	1	1
D27044	0	0	1	0
D27045	0	0	1	0
D27046	0	0	1	1
D27047	0	0	1	0
D27048	0	0	1	0
D27049	0	1	1	0
D27050	0	1	1	0
D27051	0	1	1	0
D27052	0	0	1	1
D27053	0	0	1	1
D27054	0	0	0	1
D27055	1	1	0	0
D27056	1	0	0	0
D27057	0	0	1	0
D27058	0	0	1	0
D27059	0	0	1	0
D27060	0	0	0	1
D27064	0	0	1	1
D27065	0	0	1	1
D27066	0	0	1	1
D27067	0	0	1	1
D27068	0	0	1	1
D27071	1	1	1	0
D27072	0	1	0	0
D27073	0	0	1	0
D27074	1	0	1	1
D27075	1	1	0	0
D27076	1	0	0	0
D27080	0	1	0	0
D27081	1	0	0	0
D27087	0	0	1	1
D27088	0	0	1	1
D27089	0	0	1	0
D27092	0	1	1	0
D27093	1	0	1	1
D27094	0	0	1	0
D27095	0	1	0	0
D27096	1	1	0	0
D27097	0	0	0	1
E01002	0	1	0	1
E01003	0	0	0	1
E01013	0	1	1	1
E01018	0	0	1	1
E01020	0	1	1	1
E01021	0	1	1	1
E01022	0	1	0	1
E01023	0	0	0	1
E01029	0	0	1	1
E01030	0	1	1	1
E01038	0	0	0	1
E01039	1	1	0	1
E01040	0	0	0	1
E01045	0	0	0	1
E01052	0	0	0	1
E01053	0	1	0	1
E01054	1	1	1	1
E01055	0	1	0	1
E01059	0	0	0	1
E01060	0	1	0	1
E01061	0	1	0	1
E01074	1	1	0	1
E01075	0	0	1	1
E01079	0	0	0	1
E01084	1	1	1	1
E01091	0	1	1	1
E01110	1	0	1	1
E01111	0	1	1	1
E01115	0	0	1	1
E01116	0	0	1	1
E02001	0	0	1	1
E02002	0	1	1	1
E02003	0	1	1	1
E02004	1	0	0	1
E02005	1	0	1	1
E02006	0	1	0	0
E02007	0	0	1	1
E02008	0	0	1	1
E02009	0	1	1	1
E02010	1	1	1	0
E02011	0	1	0	1
E02012	0	0	0	1
E02013	0	0	1	1
E02014	1	0	1	0
E02015	0	1	1	1
E02016	0	1	1	0
E02017	0	1	1	1
E02018	0	0	1	1
E02019	1	0	1	1
E02020	1	0	0	1
E02021	0	1	1	1
E02022	0	0	1	1
E02023	0	1	1	1
E02024	0	1	1	1
E02025	0	1	1	1
E02026	0	1	1	1
E02027	0	1	1	1
E02028	0	0	1	1
E02029	1	1	1	0
E02030	0	0	1	1
E02031	1	0	1	1
E02032	1	1	1	1
E02033	0	0	0	1
E02034	0	1	1	1
E02035	0	0	0	1
E02036	0	0	0	1
E02037	0	1	1	1
E02038	0	1	1	1
E02039	0	1	1	1
E02040	0	1	1	1
E02041	0	1	1	0
E02042	0	1	0	0
E02043	1	1	1	0
E02044	0	1	0	1
E02045	0	1	1	1
E02046	0	1	1	1
E02047	0	0	1	1
E02048	0	0	1	0
E02049	0	1	1	0
E02050	0	0	1	0
E02051	0	0	0	1
E02052	0	1	1	1
E02053	0	0	1	1
E02054	0	0	1	0
E02055	0	1	1	0
E02056	1	0	1	1
E02057	1	1	1	1
E02058	0	1	1	1
E02059	0	0	1	1
E02060	0	1	1	0
E02061	0	1	0	1
E02062	1	1	1	1
E02063	1	0	1	1
E02064	0	1	1	1
E02065	0	1	0	1
E02066	0	0	1	1
E02067	0	0	1	1
E02068	1	1	1	1
E02069	0	1	0	1
E02070	1	1	1	1
E02071	1	0	1	1
E02072	1	1	1	1
E02073	0	1	1	0
E02074	0	0	1	1
E02075	0	0	1	1
E02076	0	1	1	1
E03003	0	1	1	1
E03009	0	1	1	1
E03010	0	1	1	1
E03011	0	1	0	1
E03012	1	0	0	1
E03029	1	1	0	1
E03030	0	1	1	1
E03032	1	1	1	1
E03039	0	1	0	0
E03040	0	1	1	1
E03046	0	1	1	1
E03051	0	1	0	1
E03052	0	0	1	0
E03053	0	0	1	1
E03054	0	0	1	1
E03055	0	0	1	1
E03063	1	1	0	1
E03064	0	0	1	1
E03066	0	1	1	1
E03067	1	1	1	1
E03077	0	1	0	1
E03078	0	0	1	1
E04001	0	1	1	1
E04002	0	1	1	1
E04013	0	0	1	1
E04014	0	0	1	1
E04019	0	0	1	1
E04020	0	1	1	1
E04021	1	0	0	1
E04022	0	0	1	1
E04023	1	1	0	1
E04024	0	0	1	0
E04025	0	1	1	1
E04028	1	1	1	1
E04029	0	0	1	1
E04033	0	0	0	1
E04034	0	1	1	0
E04035	0	0	1	0
E04039	0	0	1	1
E04040	1	0	1	1
E04043	1	1	0	0
E04044	1	0	0	0
E04045	1	0	1	0
E04046	0	0	1	0
E04048	0	0	1	1
E04049	0	0	1	1
E04053	0	0	0	1
E04054	1	1	0	1
E04062	0	0	1	0
E04063	0	0	1	1
E04064	0	0	1	1
E04066	1	0	1	1
E04067	1	0	1	1
E04070	0	1	1	1
E04071	0	1	1	0
E04072	1	0	1	1
E04076	0	0	1	1
E04077	0	0	1	1
E04078	0	0	1	0
E04079	0	0	1	1
E04080	0	0	1	0
E04081	0	0	1	1
E04082	1	1	1	0
E04083	1	1	1	0
E04085	0	1	1	0
E04089	0	0	1	1
E04090	1	1	0	1
E04091	0	0	1	1
E04092	1	0	0	1
E04096	0	0	1	1
E04097	0	1	0	1
E04099	1	0	1	0
E04100	0	0	1	0
E04101	1	0	1	1
E04102	0	0	1	1
E04103	0	1	1	1
E04105	1	1	1	1
E04106	0	1	1	1
E04107	0	0	1	0
E04108	0	1	1	0
E04109	0	0	1	1
E04110	1	1	0	1
E04111	1	0	1	0
E04112	0	1	1	1
E04113	0	0	1	1
E04114	0	0	1	1
E04115	0	0	1	0
E04119	1	0	1	1
E04120	1	0	1	0
E04121	0	1	1	1
E04122	1	0	1	1
E04123	1	0	0	1
E04124	0	1	1	0
E04126	0	0	1	1
E04127	0	0	0	1
E04128	0	1	0	1
E04130	1	1	0	0
E04131	0	0	1	1
E04132	0	0	1	0
E04138	1	0	0	1
E04139	0	0	1	1
E04140	1	1	1	1
E04141	0	0	0	1
E04142	0	0	1	1
E04143	0	0	1	1
E04144	1	1	1	1
E04145	0	0	1	0
E04146	0	0	1	1
E04147	0	0	1	0
E04148	0	1	0	1
E04149	0	0	1	1
E04151	0	0	1	1
E04154	0	0	1	1
E04155	0	0	1	0
E04157	0	1	1	1
E05001	0	1	1	1
E05002	0	1	1	1
E05003	1	1	0	0
E05004	1	1	0	1
E05005	1	1	1	1
E05010	0	1	1	1
E05012	0	1	1	1
E05013	0	1	1	1
E05016	1	1	0	0
E05017	1	0	0	1
E05018	1	1	0	0
E05019	0	1	1	0
E05020	0	1	1	0
E05025	0	1	1	1
E05026	0	1	1	1
E05027	1	1	0	1
E05028	0	1	1	1
E05029	1	1	1	1
E05030	0	1	1	1
E05031	0	0	1	1
E05034	0	1	1	1
E05035	1	0	1	0
E05036	0	1	1	1
E05037	1	1	0	1
E05039	1	1	1	1
E05040	0	1	0	1
E05042	1	1	1	1
E05043	0	1	0	1
E05044	0	1	1	0
E05045	1	0	0	1
E05046	1	1	1	1
E05047	0	1	1	1
E05048	0	1	0	0
E05049	1	1	0	1
E05050	0	1	0	1
E05051	0	0	0	1
E05052	1	1	1	1
E05053	0	1	1	1
E05054	0	1	0	1
E05055	0	1	0	0
E05056	0	1	0	0
E05059	1	0	0	0
E05060	0	1	0	1
E05061	0	0	1	1
E05062	1	1	0	0
E05063	1	0	1	0
E05064	0	1	1	1
E05066	1	1	0	1
E05067	0	0	1	1
E05068	1	1	1	1
E05069	0	0	1	1
E05070	0	0	1	1
E05071	1	1	1	1
E05072	1	1	1	1
E05073	0	0	0	1
E05074	1	1	0	0
E05076	0	1	1	1
E05079	1	0	1	0
E05080	1	0	0	1
E05081	1	1	0	1
E05082	1	1	1	1
E05083	0	1	0	1
E05084	0	0	0	1
E05085	0	0	1	0
E05087	0	0	1	1
E05088	1	1	1	0
E05089	1	1	1	1
E05090	0	0	1	1
E05094	0	0	1	0
E05098	1	1	0	1
E05099	0	0	1	1
E05101	0	1	1	1
E05102	1	1	1	1
E05107	1	1	1	1
E05108	1	1	1	0
E05113	0	0	1	1
E05115	0	1	1	1
E05116	0	1	1	1
E05118	1	0	1	1
E05119	1	0	1	1
E05120	0	1	1	1
E05121	1	1	1	1
E05122	0	1	1	1
E05124	1	1	1	0
E05125	0	1	1	1
E05126	1	1	1	1
E05127	0	0	1	1
E05129	1	0	1	1
E05130	0	0	1	1
E05131	1	0	0	1
E05133	1	1	1	0
E05139	1	0	0	1
E05140	1	0	0	1
E05145	0	1	0	1
E05146	1	0	1	1
E05148	1	1	1	0
E05154	1	1	1	0
E06003	0	0	1	1
E06004	1	0	1	1
E06005	1	0	1	1
E06006	0	0	1	1
E06007	1	1	0	1
E06008	1	1	0	1
E06011	1	1	0	1
E06013	0	0	1	1
E06014	0	0	1	1
E06015	0	0	1	1
E06017	0	0	1	1
E06018	1	0	0	1
E06019	0	0	1	1
E06020	0	1	1	1
E06022	1	0	1	1
E06023	1	0	0	1
E06024	1	0	1	1
E06025	1	0	1	1
E06026	0	1	1	0
E06027	1	1	1	1
E06028	1	0	0	1
E06036	0	0	1	0
E06041	0	0	1	1
E06042	0	0	0	1
E06043	1	0	1	1
E06044	0	0	0	1
E06045	1	1	1	1
E06050	0	0	1	1
E06052	0	0	0	1
E06055	0	0	1	1
E06056	0	0	1	0
E06057	0	1	1	1
E06058	1	0	1	1
E06059	0	0	1	1
E06061	0	0	1	1
E06062	0	0	1	1
E06063	0	0	1	1
E06064	0	1	1	1
E06065	0	0	1	1
E06069	0	0	1	1
E06071	1	0	1	1
E06075	0	1	1	1
E06076	0	0	0	1
E06077	0	0	1	1
E06078	0	1	1	1
E06079	1	0	0	1
E06084	1	0	0	1
E06085	1	0	0	0
E06086	0	0	1	1
E06087	1	0	1	1
E06088	0	0	1	1
E06089	0	0	1	1
E06091	0	1	1	1
E06092	1	1	1	1
E06093	0	1	1	0
E06094	0	1	0	1
E06095	0	1	1	1
E06097	0	1	1	1
E06098	0	1	1	1
E06099	0	1	1	1
E06100	0	1	1	1
E07001	0	1	1	1
E07002	1	1	1	1
E07003	0	0	1	1
E07004	0	1	1	1
E07005	0	1	1	1
E07006	0	1	1	1
E07009	0	1	1	0
E07014	1	1	1	1
E07016	0	1	1	0
E07017	0	0	1	1
E07018	1	1	1	0
E07019	1	0	0	0
E07020	1	0	0	1
E07021	0	0	1	0
E07022	1	1	0	0
E07025	0	1	0	0
E07027	1	1	1	1
E07032	0	1	1	0
E07033	0	1	1	0
E07034	0	1	1	1
E07035	0	1	1	1
E07036	0	0	1	1
E07037	1	1	1	1
E07038	0	1	1	1
E07039	0	0	1	0
E07040	0	1	1	1
E07044	0	0	1	0
E07045	1	1	1	1
E07046	0	1	1	1
E07047	0	0	1	1
E07048	0	1	1	1
E07049	1	0	1	1
E07050	0	0	1	0
E07051	1	1	1	1
E07052	1	1	1	0
E07053	0	1	1	1
E07054	0	1	1	0
E07055	0	0	1	1
E07056	0	0	1	1
E07057	0	0	1	1
E07058	0	0	1	1
E07059	0	1	1	1
E07060	1	1	1	1
E07061	0	0	1	1
E07062	0	1	1	1
E07063	0	1	1	1
E07064	0	1	0	1
E07065	1	1	1	1
E07068	0	0	1	1
E07069	0	0	1	1
E07070	0	0	1	1
E07071	0	0	1	0
E07073	1	0	1	0
E07074	1	1	1	0
E07075	0	0	1	1
E07076	1	0	0	1
E07077	0	0	1	0
E07078	0	1	1	1
E07079	1	1	1	0
E07080	0	0	1	0
E07081	0	0	1	1
E07082	0	0	1	1
E07083	1	0	1	1
E07084	1	0	1	1
E07085	1	0	1	1
E07086	1	1	0	1
E07087	0	0	1	0
E07092	1	1	1	1
E07094	1	1	0	1
E07095	0	0	0	1
E07096	0	0	1	1
E07099	0	0	1	1
E07100	1	0	1	1
E07101	0	0	1	1
E07102	0	0	1	1
E07103	0	1	1	1
E07105	1	1	0	1
E07106	0	0	1	1
E07107	0	1	1	1
E07108	0	0	1	1
E07109	0	0	1	1
E07110	1	1	1	0
E07111	0	0	1	1
E07113	0	1	0	0
E07114	1	0	0	1
E07116	0	1	0	1
E07118	0	1	1	1
E07119	0	0	1	1
E07120	0	0	1	1
E07121	1	1	0	0
E07122	1	0	1	1
E07123	1	1	0	0
E07125	0	0	1	0
E07126	0	1	1	1
E07128	0	1	1	1
E07129	1	1	1	1
E07130	0	0	1	1
E07131	0	0	1	0
E07132	1	1	0	1
E07133	1	0	1	1
E07134	0	1	0	1
E07135	0	1	1	1
E07136	0	1	0	0
E07137	1	0	0	1
E07138	0	1	0	1
E07142	0	0	1	0
E07143	0	1	1	0
E07145	0	1	1	0
E07149	0	1	1	1
E07150	1	1	0	1
E07151	1	1	0	1
E07152	1	0	1	1
E07153	1	1	1	0
E07154	1	1	1	1
E07157	0	1	1	0
E07158	1	0	1	1
E07159	0	1	1	0
E07162	0	0	1	1
E07163	1	1	1	0
E07166	1	0	0	1
E07167	0	0	1	1
E07172	0	1	1	1
E07173	0	1	1	1
E07177	0	1	1	1
E07178	0	0	1	1
E07179	0	1	1	0
E07180	1	1	1	1
E07181	0	0	1	0
E07182	0	0	0	1
E07183	0	1	1	1
E07184	0	1	1	0
E07185	0	1	1	1
E07189	0	1	1	1
E07190	1	1	1	1
E07191	0	1	1	1
E07193	1	1	1	1
E07194	0	1	1	1
E07195	0	0	1	1
E07196	1	1	0	1
E07197	0	1	0	0
E07198	0	1	1	0
E07199	0	0	1	1
E07200	0	0	1	1
E07204	0	0	1	1
E07205	0	1	1	1
E07206	0	0	1	1
E07207	0	0	1	1
E07208	0	0	1	1
E07209	0	0	1	1
E07210	1	0	0	1
E07211	0	1	1	1
E07215	0	1	1	1
E07216	1	0	1	0
E07217	1	1	1	1
E07218	1	0	0	0
E07219	1	1	1	1
E07223	0	0	1	1
E07224	0	1	1	1
E07225	1	0	0	1
E07226	1	1	0	1
E07227	0	1	0	1
E07228	1	1	0	1
E07229	0	0	1	1
E07230	1	0	1	1
E07232	0	1	1	1
E07233	0	1	1	1
E07236	1	0	1	1
E07237	0	1	1	0
E07238	0	0	1	1
E07239	0	1	1	0
E07240	0	0	0	1
E07241	1	0	0	1
E07242	1	1	1	1
E07243	0	1	1	1
E07244	0	1	0	1
E07248	1	1	1	1
E07249	0	1	1	1
E07251	0	1	1	1
E07252	0	1	1	1
E07253	1	0	1	1
E07257	0	1	1	1
E07258	1	1	1	1
E07259	1	1	0	1
E07260	1	1	0	1
E07261	1	1	1	1
E07262	0	0	1	1
E07263	0	0	1	1
E07264	0	1	0	0
E07265	0	0	1	0
E07267	1	1	0	0
E07268	1	0	1	1
E07269	0	0	1	1
E07270	0	1	1	1
E07271	0	0	1	1
E07274	0	0	0	1
E07276	1	1	1	1
E07277	1	1	0	1
E07278	1	1	0	0
E07279	0	0	1	1
E08001	0	1	1	0
E08002	0	1	1	0
E08003	0	1	0	0
E08004	1	1	1	1
E08005	0	1	1	1
E08008	0	1	1	1
E08009	0	1	1	0
E08015	0	1	1	1
E08016	0	1	1	1
E08017	0	0	1	1
E08018	0	0	0	1
E08019	0	0	1	1
E08020	1	1	1	1
